"No.","Time","Source","Destination","Protocol","Length","Info"
"1","0.000000000","10.9.1.23","157.240.196.60","TLSv1.2","136","Application Data"
"2","0.202538169","157.240.196.60","10.9.1.23","TLSv1.2","138","Application Data"
"3","10.238791354","157.240.196.60","10.9.1.23","TLSv1.2","420","Application Data"
"4","10.265533942","10.9.1.23","157.240.196.60","TLSv1.2","167","Application Data"
"5","12.696555635","157.240.196.60","10.9.1.23","TLSv1.2","330","Application Data"
"6","12.751623443","10.9.1.23","157.240.196.60","TLSv1.2","157","Application Data"
"7","14.538561368","157.240.196.60","10.9.1.23","TLSv1.2","314","Application Data"
"8","14.602724002","10.9.1.23","157.240.196.60","TLSv1.2","157","Application Data"
"9","22.840094881","10.9.1.23","157.240.196.60","TLSv1.2","136","Application Data"
"10","23.037319032","157.240.196.60","10.9.1.23","TLSv1.2","138","Application Data"
"11","25.204057203","10.9.1.23","157.240.196.60","TLSv1.2","129","Application Data"
"12","25.205936083","10.9.1.23","157.240.196.60","TLSv1.2","175","Application Data"
"13","25.804053627","10.9.1.23","157.240.196.60","TLSv1.2","136","Application Data"
"14","26.232205485","10.9.1.23","157.240.196.60","TLSv1.2","152","Application Data"
"15","26.255131377","10.9.1.23","157.240.196.60","TLSv1.2","210","Application Data"
"16","26.290834322","10.9.1.23","157.240.196.60","TLSv1.2","744","Application Data"
"17","26.345876564","10.9.1.23","157.240.196.60","TLSv1.2","136","Application Data"
"18","26.409966421","157.240.196.60","10.9.1.23","TLSv1.2","156","Application Data"
"19","26.621370590","157.240.196.60","10.9.1.23","TLSv1.2","191","Application Data"
"20","26.621370733","157.240.196.60","10.9.1.23","TLSv1.2","140","Application Data"
"21","26.651187669","10.9.1.23","157.240.196.60","TLSv1.2","152","Application Data"
"22","26.768396499","10.9.1.23","157.240.196.60","TLSv1.2","281","Application Data"
"23","26.775392710","157.240.196.60","10.9.1.23","TLSv1.2","163","Application Data"
"24","26.802687641","157.240.196.60","10.9.1.23","TLSv1.2","223","Application Data"
"25","26.810504952","157.240.196.60","10.9.1.23","TLSv1.2","390","Application Data"
"26","26.815470109","10.9.1.23","157.240.196.60","TLSv1.2","263","Application Data"
"27","26.879416135","10.9.1.23","157.240.196.60","TLSv1.2","136","Application Data"
"28","26.977757821","157.240.196.60","10.9.1.23","TLSv1.2","191","Application Data"
"29","26.978359075","157.240.196.60","10.9.1.23","TLSv1.2","160","Application Data"
"30","26.981070946","157.240.196.60","10.9.1.23","TLSv1.2","186","Application Data"
"31","27.006081338","10.9.1.23","157.240.196.60","TLSv1.2","162","Application Data"
"32","27.006387125","10.9.1.23","157.240.196.60","TLSv1.2","159","Application Data"
"33","27.010850361","10.9.1.23","157.240.196.60","TLSv1.2","162","Application Data"
"34","27.011253785","10.9.1.23","157.240.196.60","TLSv1.2","152","Application Data"
"35","27.016289432","10.9.1.23","157.240.196.60","TLSv1.2","463","Application Data"
"36","27.338273019","157.240.196.60","10.9.1.23","TLSv1.2","175","Application Data"
"37","27.338273178","157.240.196.60","10.9.1.23","TLSv1.2","390","Application Data"
"38","27.338273234","157.240.196.60","10.9.1.23","TLSv1.2","223","Application Data"
"39","27.338273289","157.240.196.60","10.9.1.23","TLSv1.2","163","Application Data"
"40","27.348943063","10.9.1.23","157.240.196.60","TLSv1.2","263","Application Data"
"41","27.353939663","10.9.1.23","157.240.196.60","TLSv1.2","162","Application Data"
"42","27.415668596","157.240.196.60","10.9.1.23","TLSv1.2","160","Application Data"
"43","27.460669565","157.240.196.60","10.9.1.23","TLSv1.2","161","Application Data"
"44","27.505298538","157.240.196.60","10.9.1.23","TLSv1.2","186","Application Data"
"45","27.513982854","10.9.1.23","157.240.196.60","TLSv1.2","162","Application Data"
"46","27.514091755","10.9.1.23","157.240.196.60","TLSv1.2","252","Application Data, Application Data"
"47","27.525552654","10.9.1.23","157.240.196.60","TLSv1.2","463","Application Data"
"48","27.747793505","157.240.196.60","10.9.1.23","TLSv1.2","175","Application Data"
"49","27.885459818","10.9.1.23","157.240.196.60","TLSv1.2","760","Application Data"
"50","27.957910201","157.240.196.60","10.9.1.23","TLSv1.2","161","Application Data"
"51","28.157984960","157.240.196.60","10.9.1.23","TLSv1.2","177","Application Data"
"52","28.168444165","10.9.1.23","157.240.196.60","TLSv1.2","159","Application Data"
"53","28.464818987","157.240.196.60","10.9.1.23","TLSv1.2","163","Application Data"
"54","28.464819037","157.240.196.60","10.9.1.23","TLSv1.2","161","Application Data"
"55","28.464819064","157.240.196.60","10.9.1.23","TLSv1.2","160","Application Data"
"56","28.464819104","157.240.196.60","10.9.1.23","TLSv1.2","163","Application Data"
"57","28.466861124","10.9.1.23","157.240.196.60","TLSv1.2","162","Application Data"
"58","28.468376257","10.9.1.23","157.240.196.60","TLSv1.2","159","Application Data"
"59","28.468414845","10.9.1.23","157.240.196.60","TLSv1.2","254","Application Data, Application Data"
"60","30.633339871","10.9.1.23","157.240.196.60","TLSv1.2","136","Application Data"
"61","30.635587984","157.240.196.60","10.9.1.23","TLSv1.2","143","Application Data"
"62","31.034859011","10.9.1.23","157.240.196.60","TLSv1.2","265","Application Data"
"63","31.116823543","10.9.1.23","157.240.196.60","TLSv1.2","136","Application Data"
"64","31.244435736","157.240.196.60","10.9.1.23","TLSv1.2","177","Application Data"
"65","31.537846507","157.240.196.60","10.9.1.23","TLSv1.2","346","Application Data"
"66","31.537846671","157.240.196.60","10.9.1.23","TLSv1.2","161","Application Data"
"67","31.537846699","157.240.196.60","10.9.1.23","TLSv1.2","163","Application Data"
"68","31.571084595","10.9.1.23","157.240.196.60","TLSv1.2","159","Application Data"
"69","31.573445962","10.9.1.23","157.240.196.60","TLSv1.2","161","Application Data"
"70","31.585455920","157.240.196.60","10.9.1.23","TLSv1.2","163","Application Data"
"71","31.588881594","10.9.1.23","157.240.196.60","TLSv1.2","162","Application Data"
"72","31.624273061","10.9.1.23","157.240.196.60","TLSv1.2","157","Application Data"
"73","31.632170363","10.9.1.23","157.240.196.60","TLSv1.2","169","Application Data"
"74","31.638055163","157.240.196.60","10.9.1.23","TLSv1.2","160","Application Data"
"75","31.639364240","10.9.1.23","157.240.196.60","TLSv1.2","159","Application Data"
"76","31.673310213","157.240.196.60","10.9.1.23","TLSv1.2","143","Application Data"
"77","31.788726930","157.240.196.60","10.9.1.23","TLSv1.2","156","Application Data"
"78","31.865327759","10.9.1.23","157.240.196.60","TLSv1.2","265","Application Data"
"79","32.152671695","157.240.196.60","10.9.1.23","TLSv1.2","177","Application Data"
"80","32.460214279","157.240.196.60","10.9.1.23","TLSv1.2","163","Application Data"
"81","32.460214427","157.240.196.60","10.9.1.23","TLSv1.2","161","Application Data"
"82","32.460214498","157.240.196.60","10.9.1.23","TLSv1.2","163","Application Data"
"83","32.463799975","10.9.1.23","157.240.196.60","TLSv1.2","162","Application Data"
"84","32.468272664","10.9.1.23","157.240.196.60","TLSv1.2","159","Application Data"
"85","32.468350920","10.9.1.23","157.240.196.60","TLSv1.2","161","Application Data"
"86","32.663385809","157.240.196.60","10.9.1.23","TLSv1.2","160","Application Data"
"87","32.666034127","10.9.1.23","157.240.196.60","TLSv1.2","159","Application Data"
"88","32.754664462","157.240.196.60","10.9.1.23","TLSv1.2","346","Application Data"
"89","32.808951016","10.9.1.23","157.240.196.60","TLSv1.2","157","Application Data"
"90","32.846386769","10.9.1.23","157.240.196.60","TLSv1.2","169","Application Data"
"91","32.956045143","157.240.196.60","10.9.1.23","TLSv1.2","143","Application Data"
"92","33.000906884","157.240.196.60","10.9.1.23","TLSv1.2","156","Application Data"
"93","33.256657549","10.9.1.23","157.240.196.60","TLSv1.2","136","Application Data"
"94","33.997482122","157.240.196.60","10.9.1.23","TLSv1.2","346","Application Data"
"95","34.035513334","10.9.1.23","157.240.196.60","TLSv1.2","157","Application Data"
"96","34.045468474","10.9.1.23","157.240.196.60","TLSv1.2","169","Application Data"
"97","34.295885748","157.240.196.60","10.9.1.23","TLSv1.2","156","Application Data"
"98","34.421155545","157.240.196.60","10.9.1.23","TLSv1.2","143","Application Data"
"99","34.892860408","10.9.1.23","157.240.196.60","TLSv1.2","297","Application Data"
"100","34.966536365","10.9.1.23","157.240.196.60","TLSv1.2","136","Application Data"
"101","35.206610572","10.9.1.23","157.240.196.60","TCP","4170","47216  >  443 [PSH, ACK] Seq=7361 Ack=6317 Win=501 Len=4104 TSval=3297773662 TSecr=3539331301 [TCP segment of a reassembled PDU]"
"102","35.208774658","10.9.1.23","157.240.196.60","TLSv1.2","489","Application Data"
"103","35.211369266","157.240.196.60","10.9.1.23","TLSv1.2","177","Application Data"
"104","35.211369389","157.240.196.60","10.9.1.23","TLSv1.2","346","Application Data"
"105","35.264515618","10.9.1.23","157.240.196.60","TLSv1.2","157","Application Data"
"106","35.280241107","10.9.1.23","157.240.196.60","TLSv1.2","169","Application Data"
"107","35.366341940","157.240.196.60","10.9.1.23","TLSv1.2","130","Application Data"
"108","35.400731624","10.9.1.23","157.240.196.60","TLSv1.3","583","Client Hello"
"109","35.434247582","157.240.196.60","10.9.1.23","TLSv1.2","156","Application Data"
"110","35.442791805","157.240.196.60","10.9.1.23","TLSv1.3","278","Server Hello, Change Cipher Spec, Application Data"
"111","35.442936712","10.9.1.23","157.240.196.60","TLSv1.3","130","Change Cipher Spec, Application Data"
"112","35.443015899","10.9.1.23","157.240.196.60","TLSv1.3","164","Application Data"
"113","35.443316336","10.9.1.23","157.240.196.60","TLSv1.3","1606","Application Data, Application Data, Application Data"
"114","35.443554883","10.9.1.23","157.240.196.60","TLSv1.3","1136","Application Data"
"115","35.469110232","157.240.196.60","10.9.1.23","TLSv1.2","163","Application Data"
"116","35.470244074","10.9.1.23","157.240.196.60","TLSv1.2","162","Application Data"
"117","35.485163280","157.240.196.60","10.9.1.23","TLSv1.3","237","Application Data"
"118","35.485163309","157.240.196.60","10.9.1.23","TLSv1.3","140","Application Data"
"119","35.485244466","157.240.196.60","10.9.1.23","TLSv1.2","160","Application Data"
"120","35.485268761","10.9.1.23","157.240.196.60","TLSv1.3","97","Application Data"
"121","35.486091135","10.9.1.23","157.240.196.60","TLSv1.2","159","Application Data"
"122","35.486183160","157.240.196.60","10.9.1.23","TLSv1.3","123","Application Data"
"123","35.518738140","157.240.196.60","10.9.1.23","TLSv1.3","554","Application Data"
"124","35.536022721","157.240.196.60","10.9.1.23","TLSv1.2","161","Application Data"
"125","35.537237119","10.9.1.23","157.240.196.60","TLSv1.2","159","Application Data"
"126","35.560825325","157.240.196.60","10.9.1.23","TLSv1.2","163","Application Data"
"127","35.564258547","10.9.1.23","157.240.196.60","TLSv1.2","161","Application Data"
"128","35.694218336","157.240.196.60","10.9.1.23","TLSv1.3","271","Application Data"
"129","35.932673274","10.9.1.23","157.240.196.60","TLSv1.2","281","Application Data"
"130","36.101362083","10.9.1.23","157.240.196.60","TLSv1.2","136","Application Data"
"131","36.138454793","157.240.196.60","10.9.1.23","TLSv1.2","177","Application Data"
"132","36.446892378","157.240.196.60","10.9.1.23","TLSv1.2","163","Application Data"
"133","36.446892671","157.240.196.60","10.9.1.23","TLSv1.2","161","Application Data"
"134","36.446892763","157.240.196.60","10.9.1.23","TLSv1.2","163","Application Data"
"135","36.453560625","10.9.1.23","157.240.196.60","TLSv1.2","162","Application Data"
"136","36.456503473","10.9.1.23","157.240.196.60","TLSv1.2","159","Application Data"
"137","36.456591738","10.9.1.23","157.240.196.60","TLSv1.2","161","Application Data"
"138","36.761501294","157.240.196.60","10.9.1.23","TLSv1.2","160","Application Data"
"139","36.764228549","10.9.1.23","157.240.196.60","TLSv1.2","159","Application Data"
"140","36.832281291","10.9.1.23","157.240.196.60","TLSv1.2","281","Application Data"
"141","36.998122838","10.9.1.23","157.240.196.60","TLSv1.2","136","Application Data"
"142","37.077734075","157.240.196.60","10.9.1.23","TLSv1.2","177","Application Data"
"143","37.476311804","157.240.196.60","10.9.1.23","TLSv1.2","160","Application Data"
"144","37.476311892","157.240.196.60","10.9.1.23","TLSv1.2","163","Application Data"
"145","37.476311944","157.240.196.60","10.9.1.23","TLSv1.2","161","Application Data"
"146","37.476312026","157.240.196.60","10.9.1.23","TLSv1.2","163","Application Data"
"147","37.481015213","10.9.1.23","157.240.196.60","TLSv1.2","159","Application Data"
"148","37.555024264","10.9.1.23","157.240.196.60","TLSv1.2","281","Application Data"
"149","37.662300206","10.9.1.23","157.240.196.60","TLSv1.2","136","Application Data"
"150","37.764102984","157.240.196.60","10.9.1.23","TLSv1.2","177","Application Data"
"151","37.773864663","157.240.196.60","10.9.1.23","TLSv1.2","143","Application Data"
"152","37.781737749","10.9.1.23","157.240.196.60","TLSv1.2","162","Application Data"
"153","37.781821305","10.9.1.23","157.240.196.60","TLSv1.2","254","Application Data, Application Data"
"154","38.090389678","157.240.196.60","10.9.1.23","TLSv1.2","160","Application Data"
"155","38.090389851","157.240.196.60","10.9.1.23","TLSv1.2","161","Application Data"
"156","38.090389902","157.240.196.60","10.9.1.23","TLSv1.2","163","Application Data"
"157","38.090389958","157.240.196.60","10.9.1.23","TLSv1.2","163","Application Data"
"158","38.095376862","10.9.1.23","157.240.196.60","TLSv1.2","159","Application Data"
"159","38.102283342","10.9.1.23","157.240.196.60","TLSv1.2","159","Application Data"
"160","38.102335963","10.9.1.23","157.240.196.60","TLSv1.2","162","Application Data"
"161","38.102577149","10.9.1.23","157.240.196.60","TLSv1.2","161","Application Data"
"162","38.353247759","10.9.1.23","157.240.196.60","TLSv1.2","281","Application Data"
"163","38.488503587","10.9.1.23","157.240.196.60","TLSv1.2","136","Application Data"
"164","38.564891922","157.240.196.60","10.9.1.23","TLSv1.2","177","Application Data"
"165","38.910441823","157.240.196.60","10.9.1.23","TLSv1.2","163","Application Data"
"166","38.910442003","157.240.196.60","10.9.1.23","TLSv1.2","160","Application Data"
"167","38.910442075","157.240.196.60","10.9.1.23","TLSv1.2","161","Application Data"
"168","38.910442123","157.240.196.60","10.9.1.23","TLSv1.2","163","Application Data"
"169","38.913081034","10.9.1.23","157.240.196.60","TLSv1.2","162","Application Data"
"170","38.916393034","10.9.1.23","157.240.196.60","TLSv1.2","159","Application Data"
"171","38.916457398","10.9.1.23","157.240.196.60","TLSv1.2","254","Application Data, Application Data"
"172","39.143600607","10.9.1.23","157.240.196.60","TLSv1.2","281","Application Data"
"173","39.240972364","10.9.1.23","157.240.196.60","TLSv1.2","136","Application Data"
"174","39.369374723","157.240.196.60","10.9.1.23","TLSv1.2","177","Application Data"
"175","39.729247470","157.240.196.60","10.9.1.23","TLSv1.2","163","Application Data"
"176","39.729247748","157.240.196.60","10.9.1.23","TLSv1.2","160","Application Data"
"177","39.732417429","10.9.1.23","157.240.196.60","TLSv1.2","162","Application Data"
"178","39.742953658","10.9.1.23","157.240.196.60","TLSv1.2","159","Application Data"
"179","39.812543786","157.240.196.60","10.9.1.23","TLSv1.2","161","Application Data"
"180","39.815059803","10.9.1.23","157.240.196.60","TLSv1.2","159","Application Data"
"181","39.975894466","10.9.1.23","157.240.196.60","TLSv1.2","281","Application Data"
"182","40.221589649","10.9.1.23","157.240.196.60","TLSv1.2","136","Application Data"
"183","40.224787907","157.240.196.60","10.9.1.23","TLSv1.2","177","Application Data"
"184","40.548064787","157.240.196.60","10.9.1.23","TLSv1.2","163","Application Data"
"185","40.550320523","10.9.1.23","157.240.196.60","TLSv1.2","162","Application Data"
"186","40.598185671","157.240.196.60","10.9.1.23","TLSv1.2","160","Application Data"
"187","40.600978245","10.9.1.23","157.240.196.60","TLSv1.2","159","Application Data"
"188","40.784720290","157.240.196.60","10.9.1.23","TLSv1.2","161","Application Data"
"189","40.792839530","10.9.1.23","157.240.196.60","TLSv1.2","159","Application Data"
"190","41.007722889","10.9.1.23","157.240.196.60","TLSv1.2","281","Application Data"
"191","41.122410744","157.240.196.60","10.9.1.23","TLSv1.2","143","Application Data"
"192","41.223535645","157.240.196.60","10.9.1.23","TLSv1.2","177","Application Data"
"193","41.282855688","10.9.1.23","157.240.196.60","TLSv1.2","136","Application Data"
"194","41.472219690","157.240.196.60","10.9.1.23","TLSv1.2","163","Application Data"
"195","41.474922914","10.9.1.23","157.240.196.60","TLSv1.2","162","Application Data"
"196","41.505515623","157.240.196.60","10.9.1.23","TLSv1.2","160","Application Data"
"197","41.508144066","10.9.1.23","157.240.196.60","TLSv1.2","159","Application Data"
"198","41.776895550","157.240.196.60","10.9.1.23","TLSv1.2","161","Application Data"
"199","41.779358045","10.9.1.23","157.240.196.60","TLSv1.2","159","Application Data"
"200","42.115389573","10.9.1.23","157.240.196.60","TLSv1.2","281","Application Data"
"201","42.161681855","10.9.1.23","157.240.196.60","TLSv1.2","136","Application Data"
"202","42.392438199","157.240.196.60","10.9.1.23","TLSv1.2","177","Application Data"
"203","42.416763937","157.240.196.60","10.9.1.23","TLSv1.2","143","Application Data"
"204","42.698258484","157.240.196.60","10.9.1.23","TLSv1.2","163","Application Data"
"205","42.698258646","157.240.196.60","10.9.1.23","TLSv1.2","160","Application Data"
"206","42.699563932","10.9.1.23","157.240.196.60","TLSv1.2","162","Application Data"
"207","42.701293158","10.9.1.23","157.240.196.60","TLSv1.2","159","Application Data"
"208","42.732172877","157.240.196.60","10.9.1.23","TLSv1.2","161","Application Data"
"209","42.733529765","10.9.1.23","157.240.196.60","TLSv1.2","159","Application Data"
"210","42.972302952","10.9.1.23","157.240.196.60","TLSv1.2","265","Application Data"
"211","43.085520682","10.9.1.23","157.240.196.60","TLSv1.2","136","Application Data"
"212","43.182162436","157.240.196.60","10.9.1.23","TLSv1.2","177","Application Data"
"213","43.518167356","157.240.196.60","10.9.1.23","TLSv1.2","163","Application Data"
"214","43.518167504","157.240.196.60","10.9.1.23","TLSv1.2","240","Application Data"
"215","43.518167556","157.240.196.60","10.9.1.23","TLSv1.2","161","Application Data"
"216","43.526325008","157.240.196.60","10.9.1.23","TLSv1.2","240","Application Data"
"217","43.526936947","10.9.1.23","157.240.196.60","TLSv1.2","162","Application Data"
"218","43.535322702","10.9.1.23","157.240.196.60","TLSv1.2","161","Application Data"
"219","43.535385013","10.9.1.23","157.240.196.60","TLSv1.2","254","Application Data, Application Data"
"220","43.825149558","157.240.196.60","10.9.1.23","TLSv1.2","160","Application Data"
"221","43.825149734","157.240.196.60","10.9.1.23","TLSv1.2","362","Application Data"
"222","43.834799198","10.9.1.23","157.240.196.60","TLSv1.2","159","Application Data"
"223","43.889085104","10.9.1.23","157.240.196.60","TLSv1.2","157","Application Data"
"224","43.898833972","10.9.1.23","157.240.196.60","TLSv1.2","169","Application Data"
"225","44.092329925","10.9.1.23","157.240.196.60","TLSv1.2","281","Application Data"
"226","44.095268074","157.240.196.60","10.9.1.23","TLSv1.2","156","Application Data"
"227","44.124047647","10.9.1.23","157.240.196.60","TLSv1.2","136","Application Data"
"228","44.336829050","157.240.196.60","10.9.1.23","TLSv1.2","177","Application Data"
"229","44.644130869","157.240.196.60","10.9.1.23","TLSv1.2","163","Application Data"
"230","44.644131104","157.240.196.60","10.9.1.23","TLSv1.2","160","Application Data"
"231","44.644131157","157.240.196.60","10.9.1.23","TLSv1.2","161","Application Data"
"232","44.647713530","10.9.1.23","157.240.196.60","TLSv1.2","162","Application Data"
"233","44.652049806","10.9.1.23","157.240.196.60","TLSv1.2","159","Application Data"
"234","44.655857944","10.9.1.23","157.240.196.60","TLSv1.2","159","Application Data"
"235","44.666643186","157.240.196.60","10.9.1.23","TLSv1.2","163","Application Data"
"236","44.670921415","10.9.1.23","157.240.196.60","TLSv1.2","161","Application Data"
"237","44.952941955","10.9.1.23","157.240.196.60","TLSv1.2","281","Application Data"
"238","45.025197880","10.9.1.23","157.240.196.60","TLSv1.2","136","Application Data"
"239","45.143002966","157.240.196.60","10.9.1.23","TLSv1.2","177","Application Data"
"240","45.463679335","157.240.196.60","10.9.1.23","TLSv1.2","163","Application Data"
"241","45.466498388","10.9.1.23","157.240.196.60","TLSv1.2","162","Application Data"
"242","45.556942153","157.240.196.60","10.9.1.23","TLSv1.2","161","Application Data"
"243","45.558295079","10.9.1.23","157.240.196.60","TLSv1.2","159","Application Data"
"244","45.770550092","157.240.196.60","10.9.1.23","TLSv1.2","160","Application Data"
"245","45.773031717","10.9.1.23","157.240.196.60","TLSv1.2","159","Application Data"
"246","45.851299287","10.9.1.23","157.240.196.60","TLSv1.2","281","Application Data"
"247","46.180639123","157.240.196.60","10.9.1.23","TLSv1.2","177","Application Data"
"248","46.487303292","157.240.196.60","10.9.1.23","TLSv1.2","161","Application Data"
"249","46.487303490","157.240.196.60","10.9.1.23","TLSv1.2","163","Application Data"
"250","46.490381322","10.9.1.23","157.240.196.60","TLSv1.2","159","Application Data"
"251","46.494850502","10.9.1.23","157.240.196.60","TLSv1.2","162","Application Data"
"252","46.546955064","157.240.196.60","10.9.1.23","TLSv1.2","160","Application Data"
"253","46.549529863","10.9.1.23","157.240.196.60","TLSv1.2","159","Application Data"
"254","46.781827412","10.9.1.23","157.240.196.60","TLSv1.2","136","Application Data"
"255","47.309290253","157.240.196.60","10.9.1.23","TLSv1.2","143","Application Data"
"256","49.390154796","10.9.1.23","157.240.196.60","TLSv1.2","313","Application Data"
"257","49.602747611","10.9.1.23","157.240.196.60","TLSv1.2","136","Application Data"
"258","49.605832385","157.240.196.60","10.9.1.23","TLSv1.2","177","Application Data"
"259","49.969616421","157.240.196.60","10.9.1.23","TLSv1.2","163","Application Data"
"260","49.969616475","157.240.196.60","10.9.1.23","TLSv1.2","161","Application Data"
"261","49.969616532","157.240.196.60","10.9.1.23","TLSv1.2","204","Application Data"
"262","49.969616584","157.240.196.60","10.9.1.23","TLSv1.2","204","Application Data"
"263","49.976009647","10.9.1.23","157.240.196.60","TLSv1.2","162","Application Data"
"264","49.988906701","10.9.1.23","157.240.196.60","TLSv1.2","159","Application Data"
"265","49.988988827","10.9.1.23","157.240.196.60","TLSv1.2","161","Application Data"
"266","49.989676649","10.9.1.23","157.240.196.60","TLSv1.2","161","Application Data"
"267","50.009790768","157.240.196.60","10.9.1.23","TLSv1.2","160","Application Data"
"268","50.011487942","10.9.1.23","157.240.196.60","TLSv1.2","159","Application Data"
"269","52.427211532","157.240.196.60","10.9.1.23","TLSv1.2","724","Application Data"
"270","52.454806119","10.9.1.23","157.240.196.60","TLSv1.2","297","Application Data"
"271","52.473083775","10.9.1.23","157.240.196.60","TLSv1.2","157","Application Data"
"272","52.514334714","157.240.196.60","10.9.1.23","TLSv1.2","143","Application Data"
"273","52.734269778","157.240.196.60","10.9.1.23","TLSv1.2","177","Application Data"
"274","52.840935087","10.9.1.23","157.240.196.60","TLSv1.2","136","Application Data"
"275","53.041867552","157.240.196.60","10.9.1.23","TLSv1.2","161","Application Data"
"276","53.041867601","157.240.196.60","10.9.1.23","TLSv1.2","163","Application Data"
"277","53.041867650","157.240.196.60","10.9.1.23","TLSv1.2","163","Application Data"
"278","53.044987371","10.9.1.23","157.240.196.60","TLSv1.2","159","Application Data"
"279","53.050645536","10.9.1.23","157.240.196.60","TLSv1.2","162","Application Data"
"280","53.050963044","10.9.1.23","157.240.196.60","TLSv1.2","161","Application Data"
"281","53.349087690","157.240.196.60","10.9.1.23","TLSv1.2","160","Application Data"
"282","53.352159608","10.9.1.23","157.240.196.60","TLSv1.2","159","Application Data"
"283","54.233334187","10.9.1.23","157.240.196.60","QUIC","1292","Initial, DCID=d2c7dbd2b5a99726, PKN: 1, PADDING, CRYPTO, PADDING, CRYPTO, PADDING, PING, CRYPTO, PADDING, CRYPTO"
"284","54.277322009","157.240.196.60","10.9.1.23","QUIC","1274","Initial, SCID=9f1d017406bcc6f4, PKN: 1873907, CRYPTO, ACK, PADDING"
"285","55.498847236","157.240.196.60","10.9.1.23","TLSv1.2","346","Application Data"
"286","55.563959692","10.9.1.23","157.240.196.60","TLSv1.2","157","Application Data"
"287","55.586705197","10.9.1.23","157.240.196.60","TLSv1.2","169","Application Data"
"288","55.740488387","157.240.196.60","10.9.1.23","TLSv1.2","156","Application Data"
"289","56.369156805","10.9.1.23","157.240.196.60","TLSv1.2","136","Application Data"
"290","57.239201521","157.240.196.60","10.9.1.23","TLSv1.2","146","Application Data"
"291","58.025886134","10.9.1.23","157.240.196.60","TLSv1.2","297","Application Data"
"292","58.072152961","157.240.196.60","10.9.1.23","TLSv1.2","143","Application Data"
"293","58.265458922","157.240.196.60","10.9.1.23","TLSv1.2","177","Application Data"
"294","58.572090560","157.240.196.60","10.9.1.23","TLSv1.2","161","Application Data"
"295","58.572090702","157.240.196.60","10.9.1.23","TLSv1.2","163","Application Data"
"296","58.575253851","10.9.1.23","157.240.196.60","TLSv1.2","159","Application Data"
"297","58.577096301","157.240.196.60","10.9.1.23","TLSv1.2","163","Application Data"
"298","58.580138858","10.9.1.23","157.240.196.60","TLSv1.2","161","Application Data"
"299","58.580249467","10.9.1.23","157.240.196.60","TLSv1.2","162","Application Data"
"300","58.593567539","157.240.196.60","10.9.1.23","TLSv1.2","160","Application Data"
"301","58.595584769","10.9.1.23","157.240.196.60","TLSv1.2","159","Application Data"
"302","59.082456518","157.240.196.60","10.9.1.23","TLSv1.2","146","Application Data"
"303","59.492069794","157.240.196.60","10.9.1.23","TLSv1.2","146","Application Data"
"304","60.721579414","157.240.196.60","10.9.1.23","TLSv1.2","346","Application Data"
"305","60.789340980","10.9.1.23","157.240.196.60","TLSv1.2","157","Application Data"
"306","60.802806148","10.9.1.23","157.240.196.60","TLSv1.2","169","Application Data"
"307","60.814615075","157.240.196.60","10.9.1.23","TLSv1.2","143","Application Data"
"308","60.975020412","10.9.1.23","157.240.196.60","TLSv1.2","136","Application Data"
"309","60.977118186","157.240.196.60","10.9.1.23","TLSv1.2","156","Application Data"
"310","62.435058043","10.9.1.23","157.240.196.60","TLSv1.2","281","Application Data"
"311","62.768778797","157.240.196.60","10.9.1.23","TLSv1.2","177","Application Data"
"312","63.076155990","157.240.196.60","10.9.1.23","TLSv1.2","163","Application Data"
"313","63.076862004","157.240.196.60","10.9.1.23","TLSv1.2","161","Application Data"
"314","63.079678303","10.9.1.23","157.240.196.60","TLSv1.2","162","Application Data"
"315","63.094908593","10.9.1.23","157.240.196.60","TLSv1.2","159","Application Data"
"316","63.105528655","157.240.196.60","10.9.1.23","TLSv1.2","163","Application Data"
"317","63.114676870","10.9.1.23","157.240.196.60","TLSv1.2","161","Application Data"
"318","63.200320487","157.240.196.60","10.9.1.23","TLSv1.2","160","Application Data"
"319","63.203218533","10.9.1.23","157.240.196.60","TLSv1.2","159","Application Data"
"320","63.399315292","10.9.1.23","157.240.196.60","TLSv1.2","136","Application Data"
"321","64.033519971","10.9.1.23","157.240.196.60","TLSv1.2","281","Application Data"
"322","64.119232148","157.240.196.60","10.9.1.23","TLSv1.2","378","Application Data"
"323","64.200907777","10.9.1.23","157.240.196.60","TLSv1.2","157","Application Data"
"324","64.208961066","10.9.1.23","157.240.196.60","TLSv1.2","169","Application Data"
"325","64.233034504","10.9.1.23","157.240.196.60","TLSv1.2","136","Application Data"
"326","64.245995303","157.240.196.60","10.9.1.23","TLSv1.2","177","Application Data"
"327","64.363682200","157.240.196.60","10.9.1.23","TLSv1.2","156","Application Data"
"328","64.503766866","157.240.196.60","10.9.1.23","TLSv1.2","163","Application Data"
"329","64.503767173","157.240.196.60","10.9.1.23","TLSv1.2","143","Application Data"
"330","64.508450025","10.9.1.23","157.240.196.60","TLSv1.2","162","Application Data"
"331","64.524074357","157.240.196.60","10.9.1.23","TLSv1.2","161","Application Data"
"332","64.525285914","10.9.1.23","157.240.196.60","TLSv1.2","159","Application Data"
"333","64.534006258","157.240.196.60","10.9.1.23","TLSv1.2","160","Application Data"
"334","64.536488237","10.9.1.23","157.240.196.60","TLSv1.2","159","Application Data"
"335","64.546324689","157.240.196.60","10.9.1.23","TLSv1.2","163","Application Data"
"336","64.550488594","10.9.1.23","157.240.196.60","TLSv1.2","161","Application Data"
"337","64.898956307","10.9.1.23","157.240.196.60","TLSv1.2","281","Application Data"
"338","65.127157464","157.240.196.60","10.9.1.23","TLSv1.2","177","Application Data"
"339","65.147906457","10.9.1.23","157.240.196.60","TLSv1.2","136","Application Data"
"340","65.420578833","157.240.196.60","10.9.1.23","TLSv1.2","160","Application Data"
"341","65.420578980","157.240.196.60","10.9.1.23","TLSv1.2","163","Application Data"
"342","65.422350645","10.9.1.23","157.240.196.60","TLSv1.2","159","Application Data"
"343","65.424329429","10.9.1.23","157.240.196.60","TLSv1.2","162","Application Data"
"344","65.432782332","157.240.196.60","10.9.1.23","TLSv1.2","161","Application Data"
"345","65.435586618","10.9.1.23","157.240.196.60","TLSv1.2","159","Application Data"
"346","65.525394669","157.240.196.60","10.9.1.23","TLSv1.2","163","Application Data"
"347","65.535440376","10.9.1.23","157.240.196.60","TLSv1.2","161","Application Data"
"348","65.830009461","10.9.1.23","157.240.196.60","TLSv1.2","281","Application Data"
"349","66.149065093","157.240.196.60","10.9.1.23","TLSv1.2","177","Application Data"
"350","66.182837928","10.9.1.23","157.240.196.60","TLSv1.2","136","Application Data"
"351","66.450392862","157.240.196.60","10.9.1.23","TLSv1.2","163","Application Data"
"352","66.450393010","157.240.196.60","10.9.1.23","TLSv1.2","160","Application Data"
"353","66.450393026","157.240.196.60","10.9.1.23","TLSv1.2","378","Application Data"
"354","66.451941881","10.9.1.23","157.240.196.60","TLSv1.2","162","Application Data"
"355","66.458695037","10.9.1.23","157.240.196.60","TLSv1.2","159","Application Data"
"356","66.467043780","157.240.196.60","10.9.1.23","TLSv1.2","161","Application Data"
"357","66.470200502","10.9.1.23","157.240.196.60","TLSv1.2","159","Application Data"
"358","66.523574218","157.240.196.60","10.9.1.23","TLSv1.2","163","Application Data"
"359","66.537198362","10.9.1.23","157.240.196.60","TLSv1.2","161","Application Data"
"360","66.542945342","10.9.1.23","157.240.196.60","TLSv1.2","157","Application Data"
"361","66.579627606","10.9.1.23","157.240.196.60","TLSv1.2","169","Application Data"
"362","66.585534247","157.240.196.60","10.9.1.23","TLSv1.2","143","Application Data"
"363","66.733828449","157.240.196.60","10.9.1.23","TLSv1.2","156","Application Data"
"364","66.963041788","10.9.1.23","157.240.196.60","TLSv1.2","265","Application Data"
"365","67.276025181","157.240.196.60","10.9.1.23","TLSv1.2","177","Application Data"
"366","67.576397965","157.240.196.60","10.9.1.23","TLSv1.2","163","Application Data"
"367","67.576398209","157.240.196.60","10.9.1.23","TLSv1.2","161","Application Data"
"368","67.578017103","157.240.196.60","10.9.1.23","TLSv1.2","163","Application Data"
"369","67.579507057","10.9.1.23","157.240.196.60","TLSv1.2","162","Application Data"
"370","67.583978928","10.9.1.23","157.240.196.60","TLSv1.2","159","Application Data"
"371","67.584077929","10.9.1.23","157.240.196.60","TLSv1.2","161","Application Data"
"372","67.781291938","157.240.196.60","10.9.1.23","TLSv1.2","160","Application Data"
"373","67.785098388","10.9.1.23","157.240.196.60","TLSv1.2","159","Application Data"
"374","68.287263122","10.9.1.23","157.240.196.60","TLSv1.2","265","Application Data"
"375","68.442267727","157.240.196.60","10.9.1.23","TLSv1.2","143","Application Data"
"376","68.710452766","157.240.196.60","10.9.1.23","TLSv1.2","394","Application Data"
"377","68.724582959","157.240.196.60","10.9.1.23","TLSv1.2","194","Application Data"
"378","68.793060467","10.9.1.23","157.240.196.60","TLSv1.2","147","Application Data"
"379","68.877667424","10.9.1.23","157.240.196.60","TLSv1.2","157","Application Data"
"380","68.912873741","10.9.1.23","157.240.196.60","TLSv1.2","169","Application Data"
"381","68.917184402","10.9.1.23","157.240.196.60","TLSv1.2","323","Application Data"
"382","69.117683568","157.240.196.60","10.9.1.23","TLSv1.2","156","Application Data"
"383","69.117683583","157.240.196.60","10.9.1.23","TLSv1.2","153","Application Data"
"384","69.346874892","157.240.196.60","10.9.1.23","TLSv1.2","143","Application Data"
"385","69.630415412","157.240.196.60","10.9.1.23","TLSv1.2","149","Application Data"
"386","69.630415524","157.240.196.60","10.9.1.23","TLSv1.2","309","Application Data"
"387","69.636392115","10.9.1.23","157.240.196.60","TLSv1.2","150","Application Data"
"388","69.835683790","157.240.196.60","10.9.1.23","TLSv1.2","148","Application Data"
"389","69.920644040","157.240.196.60","10.9.1.23","TLSv1.2","146","Application Data"
"390","69.943280097","10.9.1.23","157.240.196.60","TLSv1.3","264","Application Data"
"391","69.943319042","10.9.1.23","157.240.196.60","TLSv1.3","756","Application Data, Application Data"
"392","69.985150543","157.240.196.60","10.9.1.23","TLSv1.3","101","Application Data"
"393","69.985150698","157.240.196.60","10.9.1.23","TLSv1.3","105","Application Data"
"394","70.020695761","157.240.196.60","10.9.1.23","TLSv1.3","496","Application Data"
"395","70.021508569","10.9.1.23","157.240.196.60","TLSv1.3","101","Application Data"
"396","70.632088245","10.9.1.23","157.240.196.60","TLSv1.2","147","Application Data"
"397","71.780996299","157.240.196.60","10.9.1.23","TLSv1.2","346","Application Data"
"398","71.846607141","10.9.1.23","157.240.196.60","TLSv1.2","157","Application Data"
"399","71.858561701","10.9.1.23","157.240.196.60","TLSv1.2","169","Application Data"
"400","72.088456485","157.240.196.60","10.9.1.23","TLSv1.2","156","Application Data"
"401","72.174703154","157.240.196.60","10.9.1.23","TLSv1.2","143","Application Data"
"402","75.119220092","10.9.1.23","157.240.196.60","TLSv1.2","136","Application Data"
"403","75.672835616","157.240.196.60","10.9.1.23","TLSv1.2","410","Application Data"
"404","75.744906572","10.9.1.23","157.240.196.60","TLSv1.2","157","Application Data"
"405","75.756079167","10.9.1.23","157.240.196.60","TLSv1.2","169","Application Data"
"406","75.910925782","157.240.196.60","10.9.1.23","TLSv1.2","156","Application Data"
"407","75.964726665","157.240.196.60","10.9.1.23","TLSv1.2","143","Application Data"
"408","78.384920113","10.9.1.23","157.240.196.60","TLSv1.2","345","Application Data"
"409","78.641382765","157.240.196.60","10.9.1.23","TLSv1.2","177","Application Data"
"410","78.949073157","157.240.196.60","10.9.1.23","TLSv1.2","163","Application Data"
"411","78.951502069","10.9.1.23","157.240.196.60","TLSv1.2","162","Application Data"
"412","78.957845570","157.240.196.60","10.9.1.23","TLSv1.2","161","Application Data"
"413","78.960035434","10.9.1.23","157.240.196.60","TLSv1.2","159","Application Data"
"414","78.964049403","157.240.196.60","10.9.1.23","TLSv1.2","160","Application Data"
"415","78.965827197","10.9.1.23","157.240.196.60","TLSv1.2","159","Application Data"
"416","78.984381838","157.240.196.60","10.9.1.23","TLSv1.2","163","Application Data"
"417","78.990677956","10.9.1.23","157.240.196.60","TLSv1.2","161","Application Data"
"418","79.093563875","10.9.1.23","157.240.196.60","TLSv1.2","136","Application Data"
"419","79.810639894","10.9.1.23","157.240.196.60","TLSv1.2","136","Application Data"
"420","79.878133115","10.9.1.23","157.240.196.60","TLSv1.2","265","Application Data"
"421","80.178035725","157.240.196.60","10.9.1.23","TLSv1.2","177","Application Data"
"422","80.250530198","157.240.196.60","10.9.1.23","TLSv1.2","378","Application Data"
"423","80.266885714","10.9.1.23","157.240.196.60","TLSv1.2","281","Application Data"
"424","80.335280590","10.9.1.23","157.240.196.60","TLSv1.2","157","Application Data"
"425","80.353472232","10.9.1.23","157.240.196.60","TLSv1.2","136","Application Data"
"426","80.355023155","10.9.1.23","157.240.196.60","TLSv1.2","169","Application Data"
"427","80.399515696","157.240.196.60","10.9.1.23","TLSv1.2","161","Application Data"
"428","80.515357022","157.240.196.60","10.9.1.23","TLSv1.2","177","Application Data"
"429","80.515357463","157.240.196.60","10.9.1.23","TLSv1.2","163","Application Data"
"430","80.515750362","157.240.196.60","10.9.1.23","TLSv1.2","163","Application Data"
"431","80.519737050","157.240.196.60","10.9.1.23","TLSv1.2","156","Application Data"
"432","80.526351390","10.9.1.23","157.240.196.60","TLSv1.2","159","Application Data"
"433","80.526411612","10.9.1.23","157.240.196.60","TLSv1.2","162","Application Data"
"434","80.526650054","10.9.1.23","157.240.196.60","TLSv1.2","161","Application Data"
"435","80.539266610","157.240.196.60","10.9.1.23","TLSv1.2","160","Application Data"
"436","80.540200680","10.9.1.23","157.240.196.60","TLSv1.2","159","Application Data"
"437","80.791939220","157.240.196.60","10.9.1.23","TLSv1.2","160","Application Data"
"438","80.794284081","10.9.1.23","157.240.196.60","TLSv1.2","159","Application Data"
"439","80.820412910","157.240.196.60","10.9.1.23","TLSv1.2","163","Application Data"
"440","80.821487750","10.9.1.23","157.240.196.60","TLSv1.2","162","Application Data"
"441","80.857525635","157.240.196.60","10.9.1.23","TLSv1.2","161","Application Data"
"442","80.860187105","10.9.1.23","157.240.196.60","TLSv1.2","159","Application Data"
"443","80.881577299","157.240.196.60","10.9.1.23","TLSv1.2","163","Application Data"
"444","81.012908871","10.9.1.23","157.240.196.60","TLSv1.2","265","Application Data"
"445","81.076727388","157.240.196.60","10.9.1.23","TLSv1.2","146","Application Data"
"446","81.303726495","157.240.196.60","10.9.1.23","TLSv1.2","177","Application Data"
"447","81.325594462","10.9.1.23","157.240.196.60","TLSv1.2","161","Application Data"
"448","81.480712557","157.240.196.60","10.9.1.23","TLSv1.2","160","Application Data"
"449","81.484103000","157.240.196.60","10.9.1.23","TLSv1.2","163","Application Data"
"450","81.484692368","10.9.1.23","157.240.196.60","TLSv1.2","159","Application Data"
"451","81.490064946","10.9.1.23","157.240.196.60","TLSv1.2","162","Application Data"
"452","81.518403653","157.240.196.60","10.9.1.23","TLSv1.2","161","Application Data"
"453","81.520653022","10.9.1.23","157.240.196.60","TLSv1.2","159","Application Data"
"454","81.550941847","157.240.196.60","10.9.1.23","TLSv1.2","163","Application Data"
"455","81.554063626","10.9.1.23","157.240.196.60","TLSv1.2","161","Application Data"
"456","84.068357214","157.240.196.60","10.9.1.23","TLSv1.2","146","Application Data"
"457","84.683108280","157.240.196.60","10.9.1.23","TLSv1.2","146","Application Data"
"458","85.604560878","157.240.196.60","10.9.1.23","TLSv1.2","143","Application Data"
"459","86.630036294","157.240.196.60","10.9.1.23","TLSv1.2","330","Application Data"
"460","86.630036693","157.240.196.60","10.9.1.23","TLSv1.2","143","Application Data"
"461","86.720005458","10.9.1.23","157.240.196.60","TLSv1.2","157","Application Data"
"462","86.734032642","10.9.1.23","157.240.196.60","TLSv1.2","169","Application Data"
"463","86.937038687","157.240.196.60","10.9.1.23","TLSv1.2","156","Application Data"
"464","87.447678748","157.240.196.60","10.9.1.23","TLSv1.2","330","Application Data"
"465","87.513574643","157.240.196.60","10.9.1.23","TLSv1.2","143","Application Data"
"466","87.535079999","10.9.1.23","157.240.196.60","TLSv1.2","157","Application Data"
"467","87.547248901","10.9.1.23","157.240.196.60","TLSv1.2","169","Application Data"
"468","87.756533390","157.240.196.60","10.9.1.23","TLSv1.2","156","Application Data"
"469","88.314778117","157.240.196.60","10.9.1.23","TLSv1.2","330","Application Data"
"470","88.391948835","10.9.1.23","157.240.196.60","TLSv1.2","157","Application Data"
"471","88.410376464","10.9.1.23","157.240.196.60","TLSv1.2","169","Application Data"
"472","88.676417426","157.240.196.60","10.9.1.23","TLSv1.2","156","Application Data"
"473","88.676417581","157.240.196.60","10.9.1.23","TLSv1.2","146","Application Data"
"474","90.110680232","157.240.196.60","10.9.1.23","TLSv1.2","143","Application Data"
"475","90.828848095","157.240.196.60","10.9.1.23","TLSv1.2","146","Application Data"
"476","94.411690317","157.240.196.60","10.9.1.23","TLSv1.2","410","Application Data"
"477","94.512205561","10.9.1.23","157.240.196.60","TLSv1.2","157","Application Data"
"478","94.527939303","10.9.1.23","157.240.196.60","TLSv1.2","169","Application Data"
"479","94.585664163","157.240.196.60","10.9.1.23","TLSv1.2","143","Application Data"
"480","94.681978342","157.240.196.60","10.9.1.23","TLSv1.2","156","Application Data"
"481","97.478741717","157.240.196.60","10.9.1.23","TLSv1.2","394","Application Data"
"482","97.648086177","10.9.1.23","157.240.196.60","TLSv1.2","157","Application Data"
"483","97.650821253","157.240.196.60","10.9.1.23","TLSv1.2","143","Application Data"
"484","97.700295919","10.9.1.23","157.240.196.60","TLSv1.2","169","Application Data"
"485","97.893179073","157.240.196.60","10.9.1.23","TLSv1.2","156","Application Data"
"486","99.736490594","157.240.196.60","10.9.1.23","TLSv1.2","362","Application Data"
"487","99.836903373","10.9.1.23","157.240.196.60","TLSv1.2","157","Application Data"
"488","99.840467217","157.240.196.60","10.9.1.23","TLSv1.2","143","Application Data"
"489","99.855943463","10.9.1.23","157.240.196.60","TLSv1.2","169","Application Data"
"490","100.043134533","157.240.196.60","10.9.1.23","TLSv1.2","156","Application Data"
"491","100.865492309","157.240.196.60","10.9.1.23","TLSv1.2","146","Application Data"
"492","102.804161476","157.240.196.60","10.9.1.23","TLSv1.2","394","Application Data"
"493","102.900357892","157.240.196.60","10.9.1.23","TLSv1.2","143","Application Data"
"494","102.968657437","10.9.1.23","157.240.196.60","TLSv1.2","157","Application Data"
"495","103.025930883","10.9.1.23","157.240.196.60","TLSv1.2","169","Application Data"
"496","103.219732529","157.240.196.60","10.9.1.23","TLSv1.2","156","Application Data"
"497","104.043380998","10.9.1.23","157.240.196.60","TLSv1.2","136","Application Data"
"498","104.136280511","157.240.196.60","10.9.1.23","TLSv1.2","346","Application Data"
"499","104.216914359","10.9.1.23","157.240.196.60","TLSv1.2","157","Application Data"
"500","104.227865962","10.9.1.23","157.240.196.60","TLSv1.2","169","Application Data"
"501","104.451178260","157.240.196.60","10.9.1.23","TLSv1.2","156","Application Data"
"502","105.362890699","10.9.1.23","157.240.196.60","TLSv1.2","136","Application Data"
"503","105.380707427","10.9.1.23","157.240.196.60","TLSv1.2","281","Application Data"
"504","105.677445982","157.240.196.60","10.9.1.23","TLSv1.2","177","Application Data"
"505","105.983685915","157.240.196.60","10.9.1.23","TLSv1.2","163","Application Data"
"506","105.984297276","157.240.196.60","10.9.1.23","TLSv1.2","161","Application Data"
"507","105.984865115","10.9.1.23","157.240.196.60","TLSv1.2","162","Application Data"
"508","105.986998067","10.9.1.23","157.240.196.60","TLSv1.2","159","Application Data"
"509","106.003724035","157.240.196.60","10.9.1.23","TLSv1.2","160","Application Data"
"510","106.004678301","10.9.1.23","157.240.196.60","TLSv1.2","159","Application Data"
"511","106.091861062","157.240.196.60","10.9.1.23","TLSv1.2","163","Application Data"
"512","106.095395446","10.9.1.23","157.240.196.60","TLSv1.2","161","Application Data"
"513","106.533143488","10.9.1.23","157.240.196.60","TLSv1.2","297","Application Data"
"514","106.796149000","10.9.1.23","157.240.196.60","TLSv1.2","136","Application Data"
"515","106.802265578","157.240.196.60","10.9.1.23","TLSv1.2","177","Application Data"
"516","107.109534819","157.240.196.60","10.9.1.23","TLSv1.2","163","Application Data"
"517","107.109534905","157.240.196.60","10.9.1.23","TLSv1.2","161","Application Data"
"518","107.112964580","10.9.1.23","157.240.196.60","TLSv1.2","162","Application Data"
"519","107.114238163","157.240.196.60","10.9.1.23","TLSv1.2","163","Application Data"
"520","107.118373441","10.9.1.23","157.240.196.60","TLSv1.2","159","Application Data"
"521","107.125788474","10.9.1.23","157.240.196.60","TLSv1.2","161","Application Data"
"522","107.209249699","157.240.196.60","10.9.1.23","TLSv1.2","160","Application Data"
"523","107.212569603","10.9.1.23","157.240.196.60","TLSv1.2","159","Application Data"
"524","108.681401673","10.9.1.23","157.240.196.60","TLSv1.2","297","Application Data"
"525","108.849352440","10.9.1.23","157.240.196.60","TLSv1.2","136","Application Data"
"526","108.894923745","157.240.196.60","10.9.1.23","TLSv1.2","177","Application Data"
"527","109.055707333","157.240.196.60","10.9.1.23","TLSv1.2","143","Application Data"
"528","109.260049680","157.240.196.60","10.9.1.23","TLSv1.2","163","Application Data"
"529","109.260049820","157.240.196.60","10.9.1.23","TLSv1.2","161","Application Data"
"530","109.260049869","157.240.196.60","10.9.1.23","TLSv1.2","163","Application Data"
"531","109.262770950","10.9.1.23","157.240.196.60","TLSv1.2","162","Application Data"
"532","109.268583691","10.9.1.23","157.240.196.60","TLSv1.2","159","Application Data"
"533","109.268687001","10.9.1.23","157.240.196.60","TLSv1.2","161","Application Data"
"534","109.375514430","157.240.196.60","10.9.1.23","TLSv1.2","160","Application Data"
"535","109.384353569","10.9.1.23","157.240.196.60","TLSv1.2","159","Application Data"
"536","109.857428594","10.9.1.23","157.240.196.60","TLSv1.2","281","Application Data"
"537","110.076239877","10.9.1.23","157.240.196.60","TLSv1.2","136","Application Data"
"538","110.078332172","157.240.196.60","10.9.1.23","TLSv1.2","177","Application Data"
"539","110.386487195","157.240.196.60","10.9.1.23","TLSv1.2","163","Application Data"
"540","110.386487278","157.240.196.60","10.9.1.23","TLSv1.2","160","Application Data"
"541","110.389365576","10.9.1.23","157.240.196.60","TLSv1.2","162","Application Data"
"542","110.392159944","157.240.196.60","10.9.1.23","TLSv1.2","161","Application Data"
"543","110.394434345","10.9.1.23","157.240.196.60","TLSv1.2","159","Application Data"
"544","110.394796299","10.9.1.23","157.240.196.60","TLSv1.2","159","Application Data"
"545","110.429381398","157.240.196.60","10.9.1.23","TLSv1.2","163","Application Data"
"546","110.436478784","10.9.1.23","157.240.196.60","TLSv1.2","161","Application Data"
"547","111.033377996","10.9.1.23","157.240.196.60","TLSv1.2","281","Application Data"
"548","111.037020427","157.240.196.60","10.9.1.23","TLSv1.2","146","Application Data"
"549","111.307774652","157.240.196.60","10.9.1.23","TLSv1.2","177","Application Data"
"550","111.512104655","157.240.196.60","10.9.1.23","TLSv1.2","163","Application Data"
"551","111.514714116","10.9.1.23","157.240.196.60","TLSv1.2","162","Application Data"
"552","111.543679905","157.240.196.60","10.9.1.23","TLSv1.2","161","Application Data"
"553","111.546405988","10.9.1.23","157.240.196.60","TLSv1.2","159","Application Data"
"554","111.566176655","157.240.196.60","10.9.1.23","TLSv1.2","163","Application Data"
"555","111.569831717","10.9.1.23","157.240.196.60","TLSv1.2","161","Application Data"
"556","111.646286446","157.240.196.60","10.9.1.23","TLSv1.2","160","Application Data"
"557","111.649101354","10.9.1.23","157.240.196.60","TLSv1.2","159","Application Data"
"558","111.696664473","10.9.1.23","157.240.196.60","TLSv1.2","136","Application Data"
"559","112.230283698","157.240.196.60","10.9.1.23","TLSv1.2","394","Application Data"
"560","112.392842882","10.9.1.23","157.240.196.60","TLSv1.2","157","Application Data"
"561","112.411272323","10.9.1.23","157.240.196.60","TLSv1.2","169","Application Data"
"562","112.638446545","157.240.196.60","10.9.1.23","TLSv1.2","156","Application Data"
"563","112.696563610","10.9.1.23","157.240.196.60","TLSv1.2","281","Application Data"
"564","112.949630660","157.240.196.60","10.9.1.23","TLSv1.2","177","Application Data"
"565","113.253690448","157.240.196.60","10.9.1.23","TLSv1.2","163","Application Data"
"566","113.253690622","157.240.196.60","10.9.1.23","TLSv1.2","160","Application Data"
"567","113.256758280","10.9.1.23","157.240.196.60","TLSv1.2","162","Application Data"
"568","113.261015605","10.9.1.23","157.240.196.60","TLSv1.2","159","Application Data"
"569","113.264420874","157.240.196.60","10.9.1.23","TLSv1.2","161","Application Data"
"570","113.276621801","10.9.1.23","157.240.196.60","TLSv1.2","159","Application Data"
"571","113.285584029","157.240.196.60","10.9.1.23","TLSv1.2","163","Application Data"
"572","113.289286918","10.9.1.23","157.240.196.60","TLSv1.2","161","Application Data"
"573","113.914856828","10.9.1.23","157.240.196.60","TLSv1.2","136","Application Data"
"574","115.027367291","10.9.1.23","157.240.196.60","TLSv1.2","265","Application Data"
"575","115.298744315","157.240.196.60","10.9.1.23","TLSv1.2","177","Application Data"
"576","115.608732479","157.240.196.60","10.9.1.23","TLSv1.2","163","Application Data"
"577","115.611079855","10.9.1.23","157.240.196.60","TLSv1.2","162","Application Data"
"578","115.739413432","157.240.196.60","10.9.1.23","TLSv1.2","161","Application Data"
"579","115.742157306","10.9.1.23","157.240.196.60","TLSv1.2","159","Application Data"
"580","115.746380960","157.240.196.60","10.9.1.23","TLSv1.2","160","Application Data"
"581","115.748015939","10.9.1.23","157.240.196.60","TLSv1.2","159","Application Data"
"582","115.762291555","157.240.196.60","10.9.1.23","TLSv1.2","163","Application Data"
"583","115.766742917","10.9.1.23","157.240.196.60","TLSv1.2","161","Application Data"
"584","117.284040379","10.9.1.23","157.240.196.60","TLSv1.2","136","Application Data"
"585","119.501786545","157.240.196.60","10.9.1.23","TLSv1.2","317","Application Data"
"586","119.518515344","10.9.1.23","157.240.196.60","TLSv1.2","164","Application Data"
"587","119.520233854","10.9.1.23","157.240.196.60","TLSv1.2","164","Application Data"
"588","119.520992858","10.9.1.23","157.240.196.60","TLSv1.2","164","Application Data"
"589","119.586932242","157.240.196.60","10.9.1.23","TLSv1.2","143","Application Data"
"590","120.536202625","10.9.1.23","157.240.196.60","TLSv1.2","297","Application Data"
"591","120.832345468","157.240.196.60","10.9.1.23","TLSv1.2","177","Application Data"
"592","121.138413916","157.240.196.60","10.9.1.23","TLSv1.2","163","Application Data"
"593","121.138413967","157.240.196.60","10.9.1.23","TLSv1.2","146","Application Data"
"594","121.141229475","10.9.1.23","157.240.196.60","TLSv1.2","162","Application Data"
"595","121.147594642","157.240.196.60","10.9.1.23","TLSv1.2","161","Application Data"
"596","121.149450967","10.9.1.23","157.240.196.60","TLSv1.2","159","Application Data"
"597","121.171591017","157.240.196.60","10.9.1.23","TLSv1.2","160","Application Data"
"598","121.172754316","10.9.1.23","157.240.196.60","TLSv1.2","159","Application Data"
"599","121.176183111","157.240.196.60","10.9.1.23","TLSv1.2","163","Application Data"
"600","121.179164606","10.9.1.23","157.240.196.60","TLSv1.2","161","Application Data"
"601","122.773979014","157.240.196.60","10.9.1.23","TLSv1.2","362","Application Data"
"602","122.853673021","10.9.1.23","157.240.196.60","TLSv1.2","157","Application Data"
"603","124.644846308","10.9.1.23","157.240.196.60","TLSv1.2","169","Application Data"
"604","124.800257096","157.240.196.60","10.9.1.23","TLSv1.2","156","Application Data"
"605","131.885586976","157.240.196.60","10.9.1.23","TLSv1.2","143","Application Data"
"606","131.916316298","157.240.196.60","10.9.1.23","TLSv1.2","146","Application Data"
"607","133.529380425","157.240.196.60","10.9.1.23","TLSv1.2","346","Application Data"
"608","133.604439531","10.9.1.23","157.240.196.60","TLSv1.2","157","Application Data"
"609","134.046810811","10.9.1.23","157.240.196.60","TLSv1.2","169","Application Data"
"610","134.190987675","157.240.196.60","10.9.1.23","TLSv1.2","146","Application Data"
"611","134.202225077","157.240.196.60","10.9.1.23","TLSv1.2","156","Application Data"
"612","134.617875709","10.9.1.23","157.240.196.60","TLSv1.2","136","Application Data"
"613","135.167196990","157.240.196.60","10.9.1.23","TLSv1.3","105","Application Data"
"614","135.636183874","10.9.1.23","157.240.196.60","TLSv1.2","281","Application Data"
"615","135.767907783","10.9.1.23","157.240.196.60","TLSv1.2","136","Application Data"
"616","135.844587975","157.240.196.60","10.9.1.23","TLSv1.2","177","Application Data"
"617","135.939674698","157.240.196.60","10.9.1.23","TLSv1.2","143","Application Data"
"618","136.192159699","157.240.196.60","10.9.1.23","TLSv1.2","163","Application Data"
"619","136.192159829","157.240.196.60","10.9.1.23","TLSv1.2","161","Application Data"
"620","136.192159862","157.240.196.60","10.9.1.23","TLSv1.2","160","Application Data"
"621","136.195327701","10.9.1.23","157.240.196.60","TLSv1.2","162","Application Data"
"622","136.199673038","10.9.1.23","157.240.196.60","TLSv1.2","159","Application Data"
"623","136.200018705","10.9.1.23","157.240.196.60","TLSv1.2","159","Application Data"
"624","136.221506941","157.240.196.60","10.9.1.23","TLSv1.2","163","Application Data"
"625","136.228147334","10.9.1.23","157.240.196.60","TLSv1.2","161","Application Data"
"626","137.023351382","10.9.1.23","157.240.196.60","TLSv1.2","297","Application Data"
"627","137.132332512","10.9.1.23","157.240.196.60","TLSv1.2","136","Application Data"
"628","137.236128810","157.240.196.60","10.9.1.23","TLSv1.2","177","Application Data"
"629","137.619111219","157.240.196.60","10.9.1.23","TLSv1.2","163","Application Data"
"630","137.619111457","157.240.196.60","10.9.1.23","TLSv1.2","160","Application Data"
"631","137.622279540","10.9.1.23","157.240.196.60","TLSv1.2","162","Application Data"
"632","137.624027752","10.9.1.23","157.240.196.60","TLSv1.2","159","Application Data"
"633","137.654839504","157.240.196.60","10.9.1.23","TLSv1.2","378","Application Data"
"634","137.718115547","157.240.196.60","10.9.1.23","TLSv1.2","161","Application Data"
"635","137.720152004","10.9.1.23","157.240.196.60","TLSv1.2","157","Application Data"
"636","137.721049544","10.9.1.23","157.240.196.60","TLSv1.2","159","Application Data"
"637","137.767108196","157.240.196.60","10.9.1.23","TLSv1.2","163","Application Data"
"638","137.775618839","10.9.1.23","157.240.196.60","TLSv1.2","161","Application Data"
"639","137.775843220","10.9.1.23","157.240.196.60","TLSv1.2","169","Application Data"
"640","138.036247792","157.240.196.60","10.9.1.23","TLSv1.2","156","Application Data"
"641","138.074801193","10.9.1.23","157.240.196.60","TLSv1.2","136","Application Data"
"642","138.082162795","10.9.1.23","157.240.196.60","TLSv1.2","281","Application Data"
"643","138.341414482","157.240.196.60","10.9.1.23","TLSv1.2","177","Application Data"
"644","138.650482798","157.240.196.60","10.9.1.23","TLSv1.2","163","Application Data"
"645","138.650483155","157.240.196.60","10.9.1.23","TLSv1.2","160","Application Data"
"646","138.654275728","10.9.1.23","157.240.196.60","TLSv1.2","162","Application Data"
"647","138.660264542","10.9.1.23","157.240.196.60","TLSv1.2","159","Application Data"
"648","138.762853762","157.240.196.60","10.9.1.23","TLSv1.2","161","Application Data"
"649","138.765229575","10.9.1.23","157.240.196.60","TLSv1.2","159","Application Data"
"650","138.791537747","157.240.196.60","10.9.1.23","TLSv1.2","163","Application Data"
"651","138.799469223","10.9.1.23","157.240.196.60","TLSv1.2","161","Application Data"
"652","138.959645478","10.9.1.23","157.240.196.60","TLSv1.2","281","Application Data"
"653","138.992086434","10.9.1.23","157.240.196.60","TLSv1.2","136","Application Data"
"654","139.263129198","157.240.196.60","10.9.1.23","TLSv1.2","177","Application Data"
"655","139.398451014","157.240.196.60","10.9.1.23","TLSv1.2","160","Application Data"
"656","139.401316586","10.9.1.23","157.240.196.60","TLSv1.2","159","Application Data"
"657","139.517036818","157.240.196.60","10.9.1.23","TLSv1.2","163","Application Data"
"658","139.519394845","10.9.1.23","157.240.196.60","TLSv1.2","162","Application Data"
"659","139.587191465","157.240.196.60","10.9.1.23","TLSv1.2","161","Application Data"
"660","139.589816346","10.9.1.23","157.240.196.60","TLSv1.2","159","Application Data"
"661","139.607503830","157.240.196.60","10.9.1.23","TLSv1.2","163","Application Data"
"662","139.625780565","10.9.1.23","157.240.196.60","TLSv1.2","161","Application Data"
"663","139.775026522","10.9.1.23","157.240.196.60","TLSv1.2","281","Application Data"
"664","139.960379354","157.240.196.60","10.9.1.23","TLSv1.2","177","Application Data"
"665","140.287266925","157.240.196.60","10.9.1.23","TLSv1.2","160","Application Data"
"666","140.287267059","157.240.196.60","10.9.1.23","TLSv1.2","163","Application Data"
"667","140.287267105","157.240.196.60","10.9.1.23","TLSv1.2","161","Application Data"
"668","140.287267152","157.240.196.60","10.9.1.23","TLSv1.2","163","Application Data"
"669","140.289802501","10.9.1.23","157.240.196.60","TLSv1.2","159","Application Data"
"670","140.295042445","10.9.1.23","157.240.196.60","TLSv1.2","162","Application Data"
"671","140.295153335","10.9.1.23","157.240.196.60","TLSv1.2","254","Application Data, Application Data"
"672","140.753897839","10.9.1.23","157.240.196.60","TLSv1.2","136","Application Data"
"673","141.268124617","157.240.196.60","10.9.1.23","TLSv1.2","146","Application Data"
"674","143.066514581","10.9.1.23","157.240.196.60","TLSv1.2","329","Application Data"
"675","143.224176981","10.9.1.23","157.240.196.60","TLSv1.2","136","Application Data"
"676","143.277129927","157.240.196.60","10.9.1.23","TLSv1.2","177","Application Data"
"677","143.667873852","157.240.196.60","10.9.1.23","TLSv1.2","163","Application Data"
"678","143.667873939","157.240.196.60","10.9.1.23","TLSv1.2","160","Application Data"
"679","143.671023370","10.9.1.23","157.240.196.60","TLSv1.2","162","Application Data"
"680","143.672535126","157.240.196.60","10.9.1.23","TLSv1.2","161","Application Data"
"681","143.675220603","10.9.1.23","157.240.196.60","TLSv1.2","159","Application Data"
"682","143.676616260","10.9.1.23","157.240.196.60","TLSv1.2","159","Application Data"
"683","143.695842083","157.240.196.60","10.9.1.23","TLSv1.2","163","Application Data"
"684","143.699826135","10.9.1.23","157.240.196.60","TLSv1.2","161","Application Data"
"685","144.665884527","10.9.1.23","157.240.196.60","TLSv1.2","281","Application Data"
"686","144.852646489","157.240.196.60","10.9.1.23","TLSv1.2","177","Application Data"
"687","144.891975262","10.9.1.23","157.240.196.60","TLSv1.2","136","Application Data"
"688","145.203037736","157.240.196.60","10.9.1.23","TLSv1.2","161","Application Data"
"689","145.203037935","157.240.196.60","10.9.1.23","TLSv1.2","163","Application Data"
"690","145.203037984","157.240.196.60","10.9.1.23","TLSv1.2","160","Application Data"
"691","145.206045886","10.9.1.23","157.240.196.60","TLSv1.2","159","Application Data"
"692","145.212086902","10.9.1.23","157.240.196.60","TLSv1.2","162","Application Data"
"693","145.212392647","10.9.1.23","157.240.196.60","TLSv1.2","159","Application Data"
"694","146.226928470","157.240.196.60","10.9.1.23","TLSv1.2","570","Application Data"
"695","146.268055218","10.9.1.23","157.240.196.60","TLSv1.2","165","Application Data"
"696","146.583256459","10.9.1.23","157.240.196.60","TLSv1.2","281","Application Data"
"697","146.658644984","10.9.1.23","157.240.196.60","TLSv1.2","136","Application Data"
"698","146.793616691","157.240.196.60","10.9.1.23","TLSv1.2","177","Application Data"
"699","147.147905682","157.240.196.60","10.9.1.23","TLSv1.2","160","Application Data"
"700","147.147906025","157.240.196.60","10.9.1.23","TLSv1.2","163","Application Data"
"701","147.147906080","157.240.196.60","10.9.1.23","TLSv1.2","161","Application Data"
"702","147.157925573","10.9.1.23","157.240.196.60","TLSv1.2","159","Application Data"
"703","147.164414408","10.9.1.23","157.240.196.60","TLSv1.2","162","Application Data"
"704","147.164725000","10.9.1.23","157.240.196.60","TLSv1.2","159","Application Data"
"705","147.657459855","10.9.1.23","157.240.196.60","TLSv1.2","281","Application Data"
"706","147.890954790","10.9.1.23","157.240.196.60","TLSv1.2","136","Application Data"
"707","147.893614364","157.240.196.60","10.9.1.23","TLSv1.2","177","Application Data"
"708","148.281296187","157.240.196.60","10.9.1.23","TLSv1.2","160","Application Data"
"709","148.281296263","157.240.196.60","10.9.1.23","TLSv1.2","163","Application Data"
"710","148.281296278","157.240.196.60","10.9.1.23","TLSv1.2","187","Application Data"
"711","148.283906583","10.9.1.23","157.240.196.60","TLSv1.2","159","Application Data"
"712","148.289836450","10.9.1.23","157.240.196.60","TLSv1.2","257","Application Data, Application Data"
"713","148.566732829","10.9.1.23","157.240.196.60","TLSv1.2","265","Application Data"
"714","148.569790851","157.240.196.60","10.9.1.23","TLSv1.2","161","Application Data"
"715","148.569790930","157.240.196.60","10.9.1.23","TLSv1.2","204","Application Data"
"716","148.818431437","10.9.1.23","157.240.196.60","TLSv1.2","136","Application Data"
"717","148.820738020","157.240.196.60","10.9.1.23","TLSv1.2","177","Application Data"
"718","148.820738118","157.240.196.60","10.9.1.23","TLSv1.2","143","Application Data"
"719","148.835214989","10.9.1.23","157.240.196.60","TLSv1.2","159","Application Data"
"720","148.835256450","10.9.1.23","157.240.196.60","TLSv1.2","161","Application Data"
"721","149.093493563","157.240.196.60","10.9.1.23","TLSv1.2","160","Application Data"
"722","149.093493607","157.240.196.60","10.9.1.23","TLSv1.2","163","Application Data"
"723","149.093493623","157.240.196.60","10.9.1.23","TLSv1.2","161","Application Data"
"724","149.094674717","10.9.1.23","157.240.196.60","TLSv1.2","159","Application Data"
"725","149.095967376","10.9.1.23","157.240.196.60","TLSv1.2","162","Application Data"
"726","149.096250547","10.9.1.23","157.240.196.60","TLSv1.2","159","Application Data"
"727","149.097169387","157.240.196.60","10.9.1.23","TLSv1.2","163","Application Data"
"728","149.114439557","10.9.1.23","157.240.196.60","TLSv1.2","161","Application Data"
"729","149.866701329","10.9.1.23","157.240.196.60","TLSv1.2","265","Application Data"
"730","150.111792232","157.240.196.60","10.9.1.23","TLSv1.2","177","Application Data"
"731","150.238012974","157.240.196.60","10.9.1.23","TLSv1.2","346","Application Data"
"732","150.306888498","10.9.1.23","157.240.196.60","TLSv1.2","157","Application Data"
"733","150.336259596","157.240.196.60","10.9.1.23","TLSv1.2","160","Application Data"
"734","150.351578070","157.240.196.60","10.9.1.23","TLSv1.2","163","Application Data"
"735","150.366854562","10.9.1.23","157.240.196.60","TLSv1.2","159","Application Data"
"736","150.373276066","10.9.1.23","157.240.196.60","TLSv1.2","169","Application Data"
"737","150.374761968","10.9.1.23","157.240.196.60","TLSv1.2","162","Application Data"
"738","150.392353993","157.240.196.60","10.9.1.23","TLSv1.2","161","Application Data"
"739","150.393351884","10.9.1.23","157.240.196.60","TLSv1.2","159","Application Data"
"740","150.429572660","157.240.196.60","10.9.1.23","TLSv1.2","163","Application Data"
"741","150.433537755","10.9.1.23","157.240.196.60","TLSv1.2","161","Application Data"
"742","150.529501534","157.240.196.60","10.9.1.23","TLSv1.2","156","Application Data"
"743","154.522742523","157.240.196.60","10.9.1.23","TLSv1.2","143","Application Data"
"744","156.364291234","157.240.196.60","10.9.1.23","TLSv1.2","378","Application Data"
"745","156.439701747","10.9.1.23","157.240.196.60","TLSv1.2","157","Application Data"
"746","159.743441176","157.240.196.60","10.9.1.23","TLSv1.2","686","Application Data"
"747","159.753224805","10.9.1.23","157.240.196.60","TLSv1.2","165","Application Data"
"748","164.249124054","157.240.196.60","10.9.1.23","TLSv1.2","143","Application Data"
"749","164.249124269","157.240.196.60","10.9.1.23","TLSv1.2","242","Application Data"
"750","164.254439058","10.9.1.23","157.240.196.60","TLSv1.2","164","Application Data"
"751","164.280072832","10.9.1.23","157.240.196.60","TLSv1.2","164","Application Data"
"752","165.883415926","157.240.196.60","10.9.1.23","TLSv1.2","346","Application Data"
"753","165.991593167","10.9.1.23","157.240.196.60","TLSv1.2","129","Application Data"
"754","166.000678888","10.9.1.23","157.240.196.60","TLSv1.2","157","Application Data"
"755","166.680147276","10.9.1.23","157.240.196.60","TLSv1.2","136","Application Data"
"756","166.913427492","157.240.196.60","10.9.1.23","TLSv1.2","138","Application Data"
"757","171.622555595","157.240.196.60","10.9.1.23","TLSv1.2","330","Application Data"
"758","171.727123067","10.9.1.23","157.240.196.60","TLSv1.2","157","Application Data"
"759","176.116974379","10.9.1.23","157.240.196.60","TLSv1.2","129","Application Data"
"760","176.402316800","10.9.1.23","157.240.196.60","TLSv1.2","136","Application Data"
"761","177.108594002","10.9.1.23","157.240.196.60","TLSv1.2","210","Application Data"
"762","177.124752337","10.9.1.23","157.240.196.60","TLSv1.2","281","Application Data"
"763","177.264321927","157.240.196.60","10.9.1.23","TLSv1.2","156","Application Data"
"764","177.336748072","157.240.196.60","10.9.1.23","TLSv1.2","177","Application Data"
"765","177.664345848","157.240.196.60","10.9.1.23","TLSv1.2","160","Application Data"
"766","177.664346056","157.240.196.60","10.9.1.23","TLSv1.2","163","Application Data"
"767","177.666711866","10.9.1.23","157.240.196.60","TLSv1.2","159","Application Data"
"768","177.668965541","10.9.1.23","157.240.196.60","TLSv1.2","162","Application Data"
"769","177.678391711","157.240.196.60","10.9.1.23","TLSv1.2","161","Application Data"
"770","177.679446460","10.9.1.23","157.240.196.60","TLSv1.2","159","Application Data"
"771","177.703219843","157.240.196.60","10.9.1.23","TLSv1.2","163","Application Data"
"772","177.706611115","10.9.1.23","157.240.196.60","TLSv1.2","161","Application Data"
"773","179.097792138","157.240.196.60","10.9.1.23","TLSv1.2","850","Application Data"
"774","179.122250411","10.9.1.23","157.240.196.60","TLSv1.2","160","Application Data"
"775","180.838628364","157.240.196.60","10.9.1.23","TLSv1.2","143","Application Data"
"776","181.454105875","157.240.196.60","10.9.1.23","TLSv1.2","146","Application Data"
"777","181.948630805","157.240.196.60","10.9.1.23","TLSv1.2","146","Application Data"
"778","182.374284636","157.240.196.60","10.9.1.23","TLSv1.2","330","Application Data"
"779","182.460136367","10.9.1.23","157.240.196.60","TLSv1.2","157","Application Data"
"780","184.013435467","157.240.196.60","10.9.1.23","TLSv1.2","143","Application Data"
"781","185.447097199","157.240.196.60","10.9.1.23","TLSv1.2","330","Application Data"
"782","185.573616075","10.9.1.23","157.240.196.60","TLSv1.2","157","Application Data"
"783","186.989218604","157.240.196.60","10.9.1.23","TLSv1.2","350","Application Data"
"784","186.989218770","157.240.196.60","10.9.1.23","TLSv1.2","146","Application Data"
"785","186.989218824","157.240.196.60","10.9.1.23","TLSv1.2","143","Application Data"
"786","187.020285733","10.9.1.23","157.240.196.60","TLSv1.2","159","Application Data"
"787","187.392107999","157.240.196.60","10.9.1.23","TLSv1.2","314","Application Data"
"788","187.509618057","10.9.1.23","157.240.196.60","TLSv1.2","157","Application Data"
"789","188.211262543","157.240.196.60","10.9.1.23","TLSv1.2","143","Application Data"
"790","188.518906553","157.240.196.60","10.9.1.23","TLSv1.2","136","Application Data"
"791","189.337480931","157.240.196.60","10.9.1.23","TLSv1.2","314","Application Data"
"792","189.461242116","10.9.1.23","157.240.196.60","TLSv1.2","157","Application Data"
"793","190.361653916","157.240.196.60","10.9.1.23","TLSv1.2","350","Application Data"
"794","190.376131493","10.9.1.23","157.240.196.60","TLSv1.2","159","Application Data"
"795","192.907749414","10.9.1.23","157.240.196.60","TLSv1.2","129","Application Data"
"796","192.911770532","157.240.196.60","10.9.1.23","TLSv1.2","146","Application Data"
"797","204.390529909","157.240.196.60","10.9.1.23","TLSv1.2","447","Application Data"
"798","204.434750812","10.9.1.23","157.240.196.60","TLSv1.2","159","Application Data"
"799","204.471507173","10.9.1.23","157.240.196.60","TLSv1.2","136","Application Data"
"800","204.700215276","157.240.196.60","10.9.1.23","TLSv1.2","138","Application Data"
"801","208.158850996","10.9.1.23","157.240.196.60","TLSv1.2","129","Application Data"
"802","208.486188089","10.9.1.23","157.240.196.60","TLSv1.2","136","Application Data"
"803","209.350120097","10.9.1.23","157.240.196.60","TLSv1.2","136","Application Data"
"804","209.399963551","10.9.1.23","157.240.196.60","TLSv1.2","229","Application Data"
"805","209.422573690","10.9.1.23","157.240.196.60","TLSv1.2","281","Application Data"
"806","209.558242481","157.240.196.60","10.9.1.23","TLSv1.2","156","Application Data"
"807","209.633198158","157.240.196.60","10.9.1.23","TLSv1.2","177","Application Data"
"808","209.920368909","157.240.196.60","10.9.1.23","TLSv1.2","163","Application Data"
"809","209.935139820","157.240.196.60","10.9.1.23","TLSv1.2","161","Application Data"
"810","209.969410674","157.240.196.60","10.9.1.23","TLSv1.2","163","Application Data"
"811","210.004871603","157.240.196.60","10.9.1.23","TLSv1.2","160","Application Data"
"812","210.019647853","10.9.1.23","157.240.196.60","TLSv1.2","281","Application Data"
"813","210.073803106","10.9.1.23","157.240.196.60","TLSv1.2","136","Application Data"
"814","210.332942467","157.240.196.60","10.9.1.23","TLSv1.2","177","Application Data"
"815","210.352693601","10.9.1.23","157.240.196.60","TLSv1.2","162","Application Data"
"816","210.352775707","10.9.1.23","157.240.196.60","TLSv1.2","254","Application Data, Application Data"
"817","210.353464487","10.9.1.23","157.240.196.60","TLSv1.2","159","Application Data"
"818","210.449705847","157.240.196.60","10.9.1.23","TLSv1.2","160","Application Data"
"819","210.452251815","10.9.1.23","157.240.196.60","TLSv1.2","159","Application Data"
"820","210.576520327","157.240.196.60","10.9.1.23","TLSv1.2","161","Application Data"
"821","210.579406954","10.9.1.23","157.240.196.60","TLSv1.2","159","Application Data"
"822","210.589119541","157.240.196.60","10.9.1.23","TLSv1.2","163","Application Data"
"823","210.589627698","157.240.196.60","10.9.1.23","TLSv1.2","163","Application Data"
"824","210.593375257","10.9.1.23","157.240.196.60","TLSv1.2","162","Application Data"
"825","210.604860943","10.9.1.23","157.240.196.60","TLSv1.2","161","Application Data"
"826","211.103744373","10.9.1.23","157.240.196.60","TLSv1.2","281","Application Data"
"827","211.356811934","157.240.196.60","10.9.1.23","TLSv1.2","177","Application Data"
"828","211.662848352","157.240.196.60","10.9.1.23","TLSv1.2","163","Application Data"
"829","211.665395207","10.9.1.23","157.240.196.60","TLSv1.2","162","Application Data"
"830","211.669555885","157.240.196.60","10.9.1.23","TLSv1.2","161","Application Data"
"831","211.671435642","10.9.1.23","157.240.196.60","TLSv1.2","159","Application Data"
"832","211.672502834","157.240.196.60","10.9.1.23","TLSv1.2","143","Application Data"
"833","211.731398984","157.240.196.60","10.9.1.23","TLSv1.2","163","Application Data"
"834","211.733706189","157.240.196.60","10.9.1.23","TLSv1.2","160","Application Data"
"835","211.738497938","10.9.1.23","157.240.196.60","TLSv1.2","161","Application Data"
"836","211.746738108","10.9.1.23","157.240.196.60","TLSv1.2","159","Application Data"
"837","212.182419387","157.240.196.60","10.9.1.23","TLSv1.2","350","Application Data"
"838","212.202152436","10.9.1.23","157.240.196.60","TLSv1.2","159","Application Data"
"839","214.020285565","157.240.196.60","10.9.1.23","TLSv1.2","378","Application Data"
"840","214.076733643","157.240.196.60","10.9.1.23","TLSv1.2","146","Application Data"
"841","214.100552935","157.240.196.60","10.9.1.23","TLSv1.2","143","Application Data"
"842","214.110680414","10.9.1.23","157.240.196.60","TLSv1.2","157","Application Data"
"843","214.141609691","10.9.1.23","157.240.196.60","TLSv1.2","169","Application Data"
"844","214.324408764","157.240.196.60","10.9.1.23","TLSv1.2","156","Application Data"
"845","215.143937611","157.240.196.60","10.9.1.23","TLSv1.2","346","Application Data"
"846","215.226236928","157.240.196.60","10.9.1.23","TLSv1.2","143","Application Data"
"847","215.234508613","10.9.1.23","157.240.196.60","TLSv1.2","157","Application Data"
"848","215.255834931","10.9.1.23","157.240.196.60","TLSv1.2","169","Application Data"
"849","215.451408897","157.240.196.60","10.9.1.23","TLSv1.2","156","Application Data"
"850","216.421262525","157.240.196.60","10.9.1.23","TLSv1.2","362","Application Data"
"851","216.516635824","10.9.1.23","157.240.196.60","TLSv1.2","157","Application Data"
"852","216.532277076","10.9.1.23","157.240.196.60","TLSv1.2","169","Application Data"
"853","216.537963499","157.240.196.60","10.9.1.23","TLSv1.2","143","Application Data"
"854","216.687279212","157.240.196.60","10.9.1.23","TLSv1.2","156","Application Data"
"855","217.807443444","157.240.196.60","10.9.1.23","TLSv1.2","346","Application Data"
"856","217.922146583","10.9.1.23","157.240.196.60","TLSv1.2","157","Application Data"
"857","217.979650554","10.9.1.23","157.240.196.60","TLSv1.2","169","Application Data"
"858","217.984275600","157.240.196.60","10.9.1.23","TLSv1.2","421","Application Data"
"859","217.991722671","10.9.1.23","157.240.196.60","TLSv1.2","162","Application Data"
"860","218.133582752","157.240.196.60","10.9.1.23","TLSv1.2","156","Application Data"
"861","218.133582793","157.240.196.60","10.9.1.23","TLSv1.2","143","Application Data"
"862","218.829336755","157.240.196.60","10.9.1.23","TLSv1.2","314","Application Data"
"863","218.909563499","10.9.1.23","157.240.196.60","TLSv1.2","157","Application Data"
"864","218.920493402","10.9.1.23","157.240.196.60","TLSv1.2","169","Application Data"
"865","219.054272962","157.240.196.60","10.9.1.23","TLSv1.2","146","Application Data"
"866","219.075671371","157.240.196.60","10.9.1.23","TLSv1.2","156","Application Data"
"867","219.115358106","157.240.196.60","10.9.1.23","TLSv1.2","143","Application Data"
"868","219.853702422","157.240.196.60","10.9.1.23","TLSv1.2","330","Application Data"
"869","219.964322741","10.9.1.23","157.240.196.60","TLSv1.2","157","Application Data"
"870","219.978209573","10.9.1.23","157.240.196.60","TLSv1.2","169","Application Data"
"871","220.054510493","157.240.196.60","10.9.1.23","TLSv1.2","143","Application Data"
"872","220.132215565","157.240.196.60","10.9.1.23","TLSv1.2","156","Application Data"
"873","220.877323771","157.240.196.60","10.9.1.23","TLSv1.2","146","Application Data"
"874","221.261562839","10.9.1.23","157.240.196.60","TLSv1.2","136","Application Data"
"875","221.320257410","157.240.196.60","10.9.1.23","TLSv1.2","362","Application Data"
"876","221.460058512","10.9.1.23","157.240.196.60","TLSv1.2","157","Application Data"
"877","221.462274743","157.240.196.60","10.9.1.23","TLSv1.2","146","Application Data"
"878","221.485379517","10.9.1.23","157.240.196.60","TLSv1.2","169","Application Data"
"879","221.696658567","157.240.196.60","10.9.1.23","TLSv1.2","156","Application Data"
"880","222.302650770","10.9.1.23","157.240.196.60","TLSv1.2","281","Application Data"
"881","222.408683372","10.9.1.23","157.240.196.60","TLSv1.2","136","Application Data"
"882","222.516286930","157.240.196.60","10.9.1.23","TLSv1.2","177","Application Data"
"883","222.823341470","157.240.196.60","10.9.1.23","TLSv1.2","161","Application Data"
"884","222.825971466","10.9.1.23","157.240.196.60","TLSv1.2","159","Application Data"
"885","222.842126472","157.240.196.60","10.9.1.23","TLSv1.2","163","Application Data"
"886","222.849437059","157.240.196.60","10.9.1.23","TLSv1.2","163","Application Data"
"887","222.854360246","10.9.1.23","157.240.196.60","TLSv1.2","161","Application Data"
"888","222.856752386","10.9.1.23","157.240.196.60","TLSv1.2","162","Application Data"
"889","223.130315257","157.240.196.60","10.9.1.23","TLSv1.2","160","Application Data"
"890","223.264066535","10.9.1.23","157.240.196.60","TLSv1.2","297","Application Data"
"891","223.450258571","10.9.1.23","157.240.196.60","TLSv1.2","136","Application Data"
"892","223.474685921","157.240.196.60","10.9.1.23","TLSv1.2","177","Application Data"
"893","223.481519189","10.9.1.23","157.240.196.60","TLSv1.2","159","Application Data"
"894","223.777595520","157.240.196.60","10.9.1.23","TLSv1.2","163","Application Data"
"895","223.778964356","10.9.1.23","157.240.196.60","TLSv1.2","162","Application Data"
"896","223.779504729","157.240.196.60","10.9.1.23","TLSv1.2","160","Application Data"
"897","223.781430316","10.9.1.23","157.240.196.60","TLSv1.2","159","Application Data"
"898","223.837899328","157.240.196.60","10.9.1.23","TLSv1.2","161","Application Data"
"899","223.841546328","10.9.1.23","157.240.196.60","TLSv1.2","159","Application Data"
"900","223.870447982","157.240.196.60","10.9.1.23","TLSv1.2","163","Application Data"
"901","223.877933374","10.9.1.23","157.240.196.60","TLSv1.2","161","Application Data"
"902","224.733329639","10.9.1.23","157.240.196.60","TLSv1.2","297","Application Data"
"903","224.969163351","157.240.196.60","10.9.1.23","TLSv1.2","177","Application Data"
"904","225.012212571","10.9.1.23","157.240.196.60","TLSv1.2","136","Application Data"
"905","225.281283615","157.240.196.60","10.9.1.23","TLSv1.2","163","Application Data"
"906","225.281283631","157.240.196.60","10.9.1.23","TLSv1.2","160","Application Data"
"907","225.281283645","157.240.196.60","10.9.1.23","TLSv1.2","161","Application Data"
"908","225.282789075","10.9.1.23","157.240.196.60","TLSv1.2","162","Application Data"
"909","225.288298912","10.9.1.23","157.240.196.60","TLSv1.2","159","Application Data"
"910","225.288979613","10.9.1.23","157.240.196.60","TLSv1.2","159","Application Data"
"911","225.302608077","157.240.196.60","10.9.1.23","TLSv1.2","163","Application Data"
"912","225.306203351","10.9.1.23","157.240.196.60","TLSv1.2","161","Application Data"
"913","226.611480549","10.9.1.23","157.240.196.60","TLSv1.2","297","Application Data"
"914","226.920774590","157.240.196.60","10.9.1.23","TLSv1.2","177","Application Data"
"915","226.925898106","157.240.196.60","10.9.1.23","TLSv1.2","421","Application Data"
"916","226.937528645","10.9.1.23","157.240.196.60","TLSv1.2","162","Application Data"
"917","227.228166169","157.240.196.60","10.9.1.23","TLSv1.2","163","Application Data"
"918","227.230961709","10.9.1.23","157.240.196.60","TLSv1.2","162","Application Data"
"919","227.252960496","157.240.196.60","10.9.1.23","TLSv1.2","160","Application Data"
"920","227.255206147","10.9.1.23","157.240.196.60","TLSv1.2","159","Application Data"
"921","227.272592766","157.240.196.60","10.9.1.23","TLSv1.2","161","Application Data"
"922","227.273895662","10.9.1.23","157.240.196.60","TLSv1.2","159","Application Data"
"923","227.299099393","157.240.196.60","10.9.1.23","TLSv1.2","163","Application Data"
"924","227.306386436","10.9.1.23","157.240.196.60","TLSv1.2","161","Application Data"
"925","229.680163411","157.240.196.60","10.9.1.23","TLSv1.2","143","Application Data"
"926","231.834920249","157.240.196.60","10.9.1.23","TLSv1.2","378","Application Data"
"927","231.866986209","10.9.1.23","157.240.196.60","TLSv1.2","157","Application Data"
"928","232.031129592","157.240.196.60","10.9.1.23","TLSv1.2","143","Application Data"
"929","233.883029781","157.240.196.60","10.9.1.23","TLSv1.2","378","Application Data"
"930","234.018617338","10.9.1.23","157.240.196.60","TLSv1.2","157","Application Data"
"931","234.394694258","157.240.196.60","10.9.1.23","TLSv1.2","143","Application Data"
"932","237.365105115","157.240.196.60","10.9.1.23","TLSv1.2","410","Application Data"
"933","237.476721551","10.9.1.23","157.240.196.60","TLSv1.2","157","Application Data"
"934","237.963587109","10.9.1.23","157.240.196.60","TLSv1.2","210","Application Data"
"935","238.183820923","157.240.196.60","10.9.1.23","TLSv1.2","156","Application Data"
"936","238.465021822","10.9.1.23","157.240.196.60","TLSv1.2","136","Application Data"
"937","238.993739702","157.240.196.60","10.9.1.23","TLSv1.2","146","Application Data"
"938","240.508656203","10.9.1.23","157.240.196.60","TLSv1.2","136","Application Data"
"939","240.525956394","10.9.1.23","157.240.196.60","TLSv1.2","297","Application Data"
"940","240.848519159","157.240.196.60","10.9.1.23","TLSv1.2","177","Application Data"
"941","241.051573640","157.240.196.60","10.9.1.23","TLSv1.2","163","Application Data"
"942","241.052742355","10.9.1.23","157.240.196.60","TLSv1.2","162","Application Data"
"943","241.055311790","157.240.196.60","10.9.1.23","TLSv1.2","160","Application Data"
"944","241.057015811","10.9.1.23","157.240.196.60","TLSv1.2","159","Application Data"
"945","241.086485292","157.240.196.60","10.9.1.23","TLSv1.2","161","Application Data"
"946","241.087681096","10.9.1.23","157.240.196.60","TLSv1.2","159","Application Data"
"947","241.124268595","157.240.196.60","10.9.1.23","TLSv1.2","163","Application Data"
"948","241.129138821","10.9.1.23","157.240.196.60","TLSv1.2","161","Application Data"
"949","242.150110667","10.9.1.23","157.240.196.60","TLSv1.2","281","Application Data"
"950","242.236227800","10.9.1.23","157.240.196.60","TLSv1.2","136","Application Data"
"951","242.337334524","157.240.196.60","10.9.1.23","TLSv1.2","177","Application Data"
"952","242.586876665","157.240.196.60","10.9.1.23","TLSv1.2","146","Application Data"
"953","242.618444962","157.240.196.60","10.9.1.23","TLSv1.2","163","Application Data"
"954","242.620768322","10.9.1.23","157.240.196.60","TLSv1.2","162","Application Data"
"955","242.713020476","157.240.196.60","10.9.1.23","TLSv1.2","161","Application Data"
"956","242.715403249","10.9.1.23","157.240.196.60","TLSv1.2","159","Application Data"
"957","242.746519908","157.240.196.60","10.9.1.23","TLSv1.2","163","Application Data"
"958","242.753526802","10.9.1.23","157.240.196.60","TLSv1.2","161","Application Data"
"959","242.996326872","157.240.196.60","10.9.1.23","TLSv1.2","160","Application Data"
"960","242.998825298","10.9.1.23","157.240.196.60","TLSv1.2","159","Application Data"
"961","243.751347335","10.9.1.23","157.240.196.60","TLSv1.2","281","Application Data"
"962","244.021190514","157.240.196.60","10.9.1.23","TLSv1.2","177","Application Data"
"963","244.140321030","10.9.1.23","157.240.196.60","TLSv1.2","136","Application Data"
"964","244.263942204","157.240.196.60","10.9.1.23","TLSv1.2","160","Application Data"
"965","244.265444591","157.240.196.60","10.9.1.23","TLSv1.2","163","Application Data"
"966","244.266955976","10.9.1.23","157.240.196.60","TLSv1.2","159","Application Data"
"967","244.272101546","10.9.1.23","157.240.196.60","TLSv1.2","162","Application Data"
"968","244.358000654","157.240.196.60","10.9.1.23","TLSv1.2","161","Application Data"
"969","244.360298559","10.9.1.23","157.240.196.60","TLSv1.2","159","Application Data"
"970","244.385140869","157.240.196.60","10.9.1.23","TLSv1.2","163","Application Data"
"971","244.392398849","10.9.1.23","157.240.196.60","TLSv1.2","161","Application Data"
"972","245.676848543","10.9.1.23","157.240.196.60","QUIC","1292","Initial, DCID=30c9e252b0d34384, PKN: 1, PADDING, CRYPTO, CRYPTO, CRYPTO, PADDING, PING, PING, PADDING, CRYPTO, CRYPTO, PADDING, CRYPTO, PING, PING, CRYPTO, CRYPTO, PING, PADDING"
"973","245.719638619","157.240.196.60","10.9.1.23","QUIC","1274","Initial, SCID=871d00450eb83329, PKN: 11688029, CRYPTO, ACK, PADDING"
"974","247.912173172","10.9.1.23","157.240.196.60","TLSv1.2","136","Application Data"
"975","248.423977910","157.240.196.60","10.9.1.23","TLSv1.2","146","Application Data"
"976","250.316841029","10.9.1.23","157.240.196.60","TLSv1.2","281","Application Data"
"977","250.574038858","157.240.196.60","10.9.1.23","TLSv1.2","177","Application Data"
"978","250.680897318","10.9.1.23","157.240.196.60","TLSv1.2","136","Application Data"
"979","250.816170561","157.240.196.60","10.9.1.23","TLSv1.2","163","Application Data"
"980","250.818593313","10.9.1.23","157.240.196.60","TLSv1.2","162","Application Data"
"981","250.901774212","157.240.196.60","10.9.1.23","TLSv1.2","160","Application Data"
"982","250.904435680","10.9.1.23","157.240.196.60","TLSv1.2","159","Application Data"
"983","250.909590908","157.240.196.60","10.9.1.23","TLSv1.2","161","Application Data"
"984","250.925205721","10.9.1.23","157.240.196.60","TLSv1.2","159","Application Data"
"985","250.963265207","157.240.196.60","10.9.1.23","TLSv1.2","163","Application Data"
"986","250.970874529","10.9.1.23","157.240.196.60","TLSv1.2","161","Application Data"
"987","251.736244367","10.9.1.23","157.240.196.60","TLSv1.2","136","Application Data"
"988","251.768525072","10.9.1.23","157.240.196.60","TLSv1.2","281","Application Data"
"989","252.007674888","157.240.196.60","10.9.1.23","TLSv1.2","177","Application Data"
"990","252.215407652","10.9.1.23","157.240.196.60","TLSv1.2","265","Application Data"
"991","252.248736550","157.240.196.60","10.9.1.23","TLSv1.2","163","Application Data"
"992","252.276502810","157.240.196.60","10.9.1.23","TLSv1.2","161","Application Data"
"993","252.300051647","157.240.196.60","10.9.1.23","TLSv1.2","163","Application Data"
"994","252.317510112","157.240.196.60","10.9.1.23","TLSv1.2","160","Application Data"
"995","252.359680271","10.9.1.23","157.240.196.60","TLSv1.2","136","Application Data"
"996","252.426060635","157.240.196.60","10.9.1.23","TLSv1.2","177","Application Data"
"997","252.441854294","10.9.1.23","157.240.196.60","TLSv1.2","162","Application Data"
"998","252.441916716","10.9.1.23","157.240.196.60","TLSv1.2","254","Application Data, Application Data"
"999","252.442153609","10.9.1.23","157.240.196.60","TLSv1.2","159","Application Data"
"1000","252.725015891","157.240.196.60","10.9.1.23","TLSv1.2","160","Application Data"
"1001","252.725015992","157.240.196.60","10.9.1.23","TLSv1.2","161","Application Data"
"1002","252.727416673","10.9.1.23","157.240.196.60","TLSv1.2","265","Application Data"
"1003","252.757687566","157.240.196.60","10.9.1.23","TLSv1.2","163","Application Data"
"1004","252.765519614","157.240.196.60","10.9.1.23","TLSv1.2","163","Application Data"
"1005","252.875727213","10.9.1.23","157.240.196.60","TLSv1.2","136","Application Data"
"1006","252.938883201","157.240.196.60","10.9.1.23","TLSv1.2","177","Application Data"
"1007","252.946490922","10.9.1.23","157.240.196.60","TLSv1.2","159","Application Data"
"1008","252.946543299","10.9.1.23","157.240.196.60","TLSv1.2","254","Application Data, Application Data"
"1009","252.946779553","10.9.1.23","157.240.196.60","TLSv1.2","162","Application Data"
"1010","253.237785126","157.240.196.60","10.9.1.23","TLSv1.2","160","Application Data"
"1011","253.240161152","10.9.1.23","157.240.196.60","TLSv1.2","159","Application Data"
"1012","253.262689393","157.240.196.60","10.9.1.23","TLSv1.2","161","Application Data"
"1013","253.264154262","10.9.1.23","157.240.196.60","TLSv1.2","159","Application Data"
"1014","253.276925572","157.240.196.60","10.9.1.23","TLSv1.2","163","Application Data"
"1015","253.278892155","10.9.1.23","157.240.196.60","TLSv1.2","162","Application Data"
"1016","253.284660852","157.240.196.60","10.9.1.23","TLSv1.2","163","Application Data"
"1017","253.287785458","10.9.1.23","157.240.196.60","TLSv1.2","161","Application Data"
"1018","253.625695965","10.9.1.23","157.240.196.60","TLSv1.2","282","Application Data"
"1019","253.711306528","10.9.1.23","157.240.196.60","TLSv1.2","136","Application Data"
"1020","253.840062774","157.240.196.60","10.9.1.23","TLSv1.2","177","Application Data"
"1021","254.157909073","157.240.196.60","10.9.1.23","TLSv1.2","163","Application Data"
"1022","254.157909155","157.240.196.60","10.9.1.23","TLSv1.2","160","Application Data"
"1023","254.160840897","10.9.1.23","157.240.196.60","TLSv1.2","162","Application Data"
"1024","254.164815448","10.9.1.23","157.240.196.60","TLSv1.2","159","Application Data"
"1025","254.363346728","157.240.196.60","10.9.1.23","TLSv1.2","161","Application Data"
"1026","254.366038227","10.9.1.23","157.240.196.60","TLSv1.2","159","Application Data"
"1027","254.418502724","157.240.196.60","10.9.1.23","TLSv1.2","163","Application Data"
"1028","254.434280010","10.9.1.23","157.240.196.60","TLSv1.2","161","Application Data"
"1029","254.957242180","10.9.1.23","157.240.196.60","TLSv1.2","282","Application Data"
"1030","255.183414463","157.240.196.60","10.9.1.23","TLSv1.2","177","Application Data"
"1031","255.493793676","157.240.196.60","10.9.1.23","TLSv1.2","163","Application Data"
"1032","255.493793713","157.240.196.60","10.9.1.23","TLSv1.2","160","Application Data"
"1033","255.493793748","157.240.196.60","10.9.1.23","TLSv1.2","161","Application Data"
"1034","255.495221063","10.9.1.23","157.240.196.60","TLSv1.2","162","Application Data"
"1035","255.497500678","10.9.1.23","157.240.196.60","TLSv1.2","159","Application Data"
"1036","255.502652535","10.9.1.23","157.240.196.60","TLSv1.2","159","Application Data"
"1037","255.503335097","157.240.196.60","10.9.1.23","TLSv1.2","163","Application Data"
"1038","255.507260753","10.9.1.23","157.240.196.60","TLSv1.2","161","Application Data"
"1039","255.582729937","10.9.1.23","157.240.196.60","TLSv1.2","136","Application Data"
"1040","256.924654718","10.9.1.23","157.240.196.60","TLSv1.2","282","Application Data"
"1041","257.027792214","10.9.1.23","157.240.196.60","TLSv1.2","136","Application Data"
"1042","257.133204037","157.240.196.60","10.9.1.23","TLSv1.2","177","Application Data"
"1043","257.538079112","157.240.196.60","10.9.1.23","TLSv1.2","161","Application Data"
"1044","257.538079165","157.240.196.60","10.9.1.23","TLSv1.2","163","Application Data"
"1045","257.538079184","157.240.196.60","10.9.1.23","TLSv1.2","163","Application Data"
"1046","257.539610690","10.9.1.23","157.240.196.60","TLSv1.2","159","Application Data"
"1047","257.541324375","10.9.1.23","157.240.196.60","TLSv1.2","162","Application Data"
"1048","257.542738315","10.9.1.23","157.240.196.60","TLSv1.2","161","Application Data"
"1049","257.585532412","157.240.196.60","10.9.1.23","TLSv1.2","160","Application Data"
"1050","257.588000644","10.9.1.23","157.240.196.60","TLSv1.2","159","Application Data"
"1051","257.693907199","10.9.1.23","157.240.196.60","TLSv1.2","136","Application Data"
"1052","257.756311871","10.9.1.23","157.240.196.60","TLSv1.2","282","Application Data"
"1053","258.051354541","157.240.196.60","10.9.1.23","TLSv1.2","177","Application Data"
"1054","258.319443469","10.9.1.23","157.240.196.60","TLSv1.2","136","Application Data"
"1055","258.322873030","157.240.196.60","10.9.1.23","TLSv1.2","161","Application Data"
"1056","258.322873084","157.240.196.60","10.9.1.23","TLSv1.2","163","Application Data"
"1057","258.322873098","157.240.196.60","10.9.1.23","TLSv1.2","163","Application Data"
"1058","258.322873113","157.240.196.60","10.9.1.23","TLSv1.2","160","Application Data"
"1059","258.340807574","10.9.1.23","157.240.196.60","TLSv1.2","282","Application Data"
"1060","258.666418710","157.240.196.60","10.9.1.23","TLSv1.2","177","Application Data"
"1061","258.686324473","10.9.1.23","157.240.196.60","TLSv1.2","159","Application Data"
"1062","258.686406604","10.9.1.23","157.240.196.60","TLSv1.2","161","Application Data"
"1063","258.687957845","10.9.1.23","157.240.196.60","TLSv1.2","255","Application Data, Application Data"
"1064","258.822151956","157.240.196.60","10.9.1.23","TLSv1.2","160","Application Data"
"1065","258.824870051","10.9.1.23","157.240.196.60","TLSv1.2","159","Application Data"
"1066","258.907300603","157.240.196.60","10.9.1.23","TLSv1.2","163","Application Data"
"1067","258.907300902","157.240.196.60","10.9.1.23","TLSv1.2","161","Application Data"
"1068","258.910584834","10.9.1.23","157.240.196.60","TLSv1.2","162","Application Data"
"1069","258.914649317","10.9.1.23","157.240.196.60","TLSv1.2","159","Application Data"
"1070","258.935348882","157.240.196.60","10.9.1.23","TLSv1.2","163","Application Data"
"1071","258.950279771","10.9.1.23","157.240.196.60","TLSv1.2","161","Application Data"
"1072","259.738590532","10.9.1.23","157.240.196.60","TLSv1.2","282","Application Data"
"1073","259.741443448","157.240.196.60","10.9.1.23","TLSv1.2","146","Application Data"
"1074","259.994726977","157.240.196.60","10.9.1.23","TLSv1.2","177","Application Data"
"1075","260.002402903","157.240.196.60","10.9.1.23","TLSv1.2","143","Application Data"
"1076","260.302148160","157.240.196.60","10.9.1.23","TLSv1.2","163","Application Data"
"1077","260.302148461","157.240.196.60","10.9.1.23","TLSv1.2","160","Application Data"
"1078","260.302148511","157.240.196.60","10.9.1.23","TLSv1.2","161","Application Data"
"1079","260.305421192","10.9.1.23","157.240.196.60","TLSv1.2","162","Application Data"
"1080","260.308873995","157.240.196.60","10.9.1.23","TLSv1.2","163","Application Data"
"1081","260.311567937","10.9.1.23","157.240.196.60","TLSv1.2","159","Application Data"
"1082","260.311688814","10.9.1.23","157.240.196.60","TLSv1.2","254","Application Data, Application Data"
"1083","261.736188374","157.240.196.60","10.9.1.23","TLSv1.2","146","Application Data"
"1084","262.350028845","157.240.196.60","10.9.1.23","TLSv1.2","330","Application Data"
"1085","262.382201959","10.9.1.23","157.240.196.60","TLSv1.2","157","Application Data"
"1086","262.759616430","157.240.196.60","10.9.1.23","TLSv1.2","146","Application Data"
